mol,err,cat,unmatched,nn,mag
0,0.06736292565862338,cho,False,1.3638213,1.3633846
7,0.03975734859704971,cho,False,0.6202522,0.9627142
11,0.15011554956436157,cho,False,1.4175442,3.701503
15,0.03530541993677616,cho,False,0.7915727,1.8225405
20,0.21914364149173102,cho,False,1.4141519,1.5334594
31,0.06798481692870458,cho,False,1.0683802,2.569892
36,0.03648116812109947,cho,False,0.35612673,5.1959186
38,0.07127752155065536,cho,False,0.35612673,6.6604104
46,0.03768292690316836,cho,False,0.35612667,6.0261893
48,0.03639376722276211,cho,False,0.3561268,6.4429536
52,0.05524365852276484,cho,False,0.7122535,4.706316
53,0.0327880730231603,cho,False,0.35612673,4.5870333
60,0.38111188014348346,cho,False,2.8324451,0.7506859
64,0.09045448899269104,cho,False,1.0466872,4.182616
67,0.12122337147593498,cho,False,1.1145376,1.1697905
68,0.17157079155246416,cho,False,1.8719491,0.78241634
72,0.24889311691125235,cho,False,1.7006418,4.1133103
74,0.27128204703330994,cho,False,2.0837781,0.92715484
77,0.22961666683355966,cho,False,4.0017033,9.118068
82,0.24536146223545074,cho,False,3.5353453,4.1653414
83,0.07853911941250165,cho,False,1.4245069,3.9338143
84,0.057073733458916344,cho,False,0.0,1.1180617
85,0.03419518222411474,cho,False,1.6560577,0.83447284
87,0.03765405217806498,cho,False,1.5355177,0.49089837
94,0.04554858058691025,cho,False,0.0,5.52472
96,0.14742563168207803,cho,False,1.64488,3.3015702
97,0.1288327028354009,cho,False,2.519249,6.9698677
101,0.0488755057255427,cho,False,0.0,3.4630768
104,0.07280644526084264,cho,False,3.3449306,6.2255874
112,0.026751141374309857,cho,False,0.7915728,2.8464046
119,0.028633975734313328,cho,False,0.0,3.2611828
124,0.06124044954776764,cho,False,0.35612673,1.0398194
128,0.07337044676144917,cho,False,1.4382023,3.2800758
130,1.230707585811615,cho,False,3.0738683,17.345722
131,0.049662550911307335,cho,False,1.0389172,5.9874544
135,0.03619815098742644,cho,False,0.7915728,2.2241797
136,0.031853130708138146,cho,False,0.0,2.269712
143,0.027002526447176933,cho,False,0.0,3.0953078
147,0.03414622011284033,cho,False,0.35612673,5.2099633
150,0.04233111316959063,cho,False,0.6202522,0.95350134
159,0.04652740557988485,cho,False,1.09826,3.983474
162,0.04173349216580391,cho,False,0.3561268,4.267015
163,0.0346868255486091,cho,False,0.7915728,2.2098422
167,0.02159612625837326,cho,False,0.7915727,2.2391613
169,0.027315704772869747,cho,False,0.7915728,2.8672304
170,0.02233494631946087,cho,False,0.7915726,2.6693559
171,0.035535821691155434,cho,False,0.79157305,3.6867332
174,0.024294547115763027,cho,False,0.7915727,2.6091194
182,0.03001743679245313,cho,False,0.7915728,3.127663
193,0.12273991604646046,cho,False,1.8440199,0.3336602
195,0.04753431429465612,cho,False,3.8465302,2.9046693
196,0.041293658316135406,cho,False,0.6202521,0.67622614
205,0.19496503472328186,cho,False,1.4175441,3.925691
206,0.30576376616954803,cho,False,3.5633218,3.9992166
207,0.14816646774609885,cho,False,1.64488,3.295011
208,0.08104824026425679,cho,False,4.1747184,3.5368161
215,0.2687642226616542,cho,False,6.648893,9.123367
216,0.09366178512573242,cho,False,2.865712,6.1628523
218,0.17531263331572214,cho,False,3.1707764,1.4882511
219,0.23207073907057443,cho,False,4.9568415,8.597224
220,0.3776426414648692,cho,False,3.539038,3.925748
225,0.03171150262157122,cho,False,1.0982599,4.221157
232,0.059429094195365906,n_only,True,0.8475806,4.044612
239,0.06535486504435539,n_only,True,1.5304621,2.709695
242,0.3276893397172292,n_only,True,6.867155,5.1925974
246,0.06097462524970373,n_only,True,0.35612673,3.4423995
253,0.23815284172693887,n_only,True,2.9565415,8.099424
259,0.04195939749479294,n_only,True,0.0,3.194094
260,0.1818170299132665,n_only,True,3.0839105,5.793067
265,0.030469819903373718,hal_only,True,0.0,2.882545
269,0.09955326467752457,hal_only,True,1.0466874,7.6715775
270,0.026756450533866882,hal_only,True,0.0,3.7023933
274,0.02955259072283904,hal_only,True,0.0,2.8890176
276,0.036445735643307366,hal_only,True,0.0,4.185733
278,0.22599812845389047,n_and_hal,True,5.397369,1.2833962
286,0.02853413298726082,n_and_hal,True,0.0,3.7009118
290,0.3486236035823822,hal_only,True,9.777642,2.5263534
291,0.22671139736970267,n_only,True,4.06674,1.6405166
292,0.14734253535668054,n_only,True,1.7657431,8.24309
295,0.2323798934618632,n_and_hal,True,4.005216,1.184201
300,0.2647666235764821,n_and_hal,True,2.307102,7.7693167
303,0.0301217765857776,hal_only,True,0.0,3.6488335
312,0.16744796931743622,n_only,True,5.1256347,8.0505705
318,0.32455094655354816,n_only,False,4.5143323,7.457402
323,0.11394311984380086,n_only,True,3.0796778,3.0805287
327,0.06598083923260371,n_and_hal,True,1.6622888,4.7547507
328,0.13278966893752417,n_and_hal,True,2.1204262,4.1196074
336,0.35176579157511395,cho,False,8.219149,8.146614
339,0.08586653818686803,cho,False,1.5304621,4.7154436
347,0.12684124211470285,n_only,True,4.751316,4.4120264
349,0.22222793598969778,n_only,True,3.0202014,7.591986
352,0.1380872279405594,n_and_hal,True,2.0769403,9.266165
354,0.08437241489688556,n_only,True,1.0558807,11.012989
355,0.16577686866124472,n_only,True,3.9677467,12.527876
357,0.24154187242190042,n_only,True,3.1600451,10.921142
358,0.060924332588911057,n_only,True,1.3795314,4.4942207
4,0.05089245984951655,cho,False,0.6202521,0.35315964
5,0.05645739411314329,cho,False,1.27023,1.1181707
6,0.05115115890900294,cho,False,0.6202522,0.4327839
10,0.1541963927447796,cho,True,2.6027608,2.937305
23,0.023684284339348476,cho,False,0.0,3.2816525
30,0.1453948418299357,cho,False,3.2706518,9.797119
40,0.07518610482414563,cho,False,1.2920535,5.6693163
41,0.03710490589340528,cho,False,0.35612673,5.0793486
69,0.20326000948747,cho,False,3.0176945,3.6917663
89,0.11372534434000652,cho,False,1.8048192,1.4352953
90,0.2006406088670095,cho,False,3.9733047,8.245436
99,0.373885045448939,cho,False,6.4768157,2.3388844
107,0.17734688023726145,cho,False,5.100268,10.119107
113,0.05727157617608706,cho,False,0.79157305,4.13791
118,0.027762365837891895,cho,False,0.0,3.1862886
126,0.057372954984505974,cho,False,0.8475806,2.3266788
129,0.2074649160106977,cho,False,1.4687356,3.4467578
133,0.0336663027604421,cho,False,1.5355177,0.7100437
138,0.02756570652127266,cho,False,0.7915727,2.6786697
140,0.02146599565943082,cho,False,0.0,3.2693703
145,0.022487005839745205,cho,False,0.0,3.3064892
156,0.05060283342997233,cho,False,1.5355177,1.7328621
158,0.06841230392456055,cho,False,1.0982599,4.421966
160,0.07607393711805344,cho,False,0.6202522,3.238667
173,0.036953737338383995,cho,False,0.7915727,2.160288
175,0.030413846174875896,cho,False,0.7915726,3.594191
179,0.05658198520541191,cho,False,1.7579373,0.71372736
184,0.04913144434491793,cho,False,1.6560577,0.24570835
185,0.0492780568699042,cho,False,0.24113566,3.6467156
187,0.16611042618751526,cho,False,7.3806796,5.5241055
200,0.05971057340502739,cho,False,1.7495663,0.47044688
201,0.03160736709833145,cho,False,0.7915728,1.8459572
203,0.05725197369853655,cho,False,1.5355177,0.0696194
210,0.5886997779210409,cho,False,2.5635116,15.373922
228,0.04812851610283057,n_only,True,0.0,4.2719765
231,0.032659670958916344,n_only,True,0.0,4.2077703
236,0.15149687975645065,n_only,True,0.85968584,6.158819
240,0.20460428297519684,n_only,True,2.9451897,7.2325454
241,0.23897370447715124,n_only,True,5.4742913,5.470763
243,0.07101507112383842,n_only,True,1.4687356,5.2200174
249,2.641704559326172,n_only,True,19.291613,2.4348845
251,0.32151304682095844,n_only,True,3.1753926,0.9677393
255,0.3553930123647054,n_only,True,2.8785822,5.951733
257,0.2948605567216873,n_only,True,2.5653145,7.4836197
263,0.13914636770884195,n_only,True,2.9565415,7.3696
275,0.03660210222005844,hal_only,True,0.0,3.657893
280,0.28531140089035034,n_and_hal,True,6.5649524,2.680301
281,0.15920117994149527,n_only,True,4.7100315,7.018884
294,0.40706080198287964,hal_only,True,8.6453085,6.443582
305,1.1647696495056152,n_only,False,19.22264,3.274332
310,0.06569475183884303,n_only,True,0.4822712,8.243467
314,0.11048462490240733,cho,False,1.8659037,4.770595
316,0.11952451368172963,n_only,True,2.08419,6.348926
317,0.08994968483845393,n_only,True,3.6825545,7.127716
319,0.2810742308696111,cho,False,3.5740042,5.0144324
320,1.0865188241004944,cho,False,4.825679,13.931929
322,0.1418184166153272,n_only,False,4.0059476,6.3725486
329,0.05243015910188357,n_only,True,1.6622888,4.727016
334,0.05376653621594111,cho,False,1.8316032,5.7024794
340,0.10489376137653987,n_and_hal,True,4.064961,8.7722225
342,0.21064009269078574,n_only,True,4.2651577,7.0677414
343,0.11979070554176967,n_only,True,3.75406,3.3139062
344,0.629831999540329,n_and_hal,True,3.4608045,5.75288
353,0.14755393316348395,n_and_hal,True,1.6729432,11.05884
361,0.10647045820951462,n_only,True,2.307102,6.8657694
366,0.09565097093582153,hal_only,True,1.5304621,5.2702484
367,0.2505163947741191,hal_only,True,3.8241508,7.052057
1,0.10601099332173665,cho,False,0.71521944,1.4455729
2,0.0943327285349369,cho,False,2.6096816,0.97227347
3,0.11233382175366084,cho,False,2.6815884,0.77973825
8,0.26285358270009357,cho,False,19.255156,0.07009734
17,0.04089042296012243,cho,False,0.6202522,0.18149531
25,0.044333081071575485,cho,False,1.5831455,1.4037571
26,0.028375268603364628,cho,False,0.7915728,1.7912155
27,0.04662140955527624,cho,False,0.0,4.7237387
32,0.07820359493295352,cho,False,1.3856902,4.8943124
35,0.04205339650313059,cho,False,0.35612673,4.7333856
42,0.08119553327560425,cho,False,1.09826,3.6564987
45,0.04117741373678049,cho,False,0.35612667,5.467662
51,0.08854050685962041,cho,False,1.0683802,4.1948605
56,0.05305002505580584,cho,False,1.5355177,0.9424101
57,0.3159605761369069,cho,False,4.049081,1.6154541
58,0.17342636982599893,cho,False,1.2405043,1.4304721
65,0.3541312913099925,cho,False,3.6046407,2.026193
66,0.11515448490778606,cho,False,0.62025213,1.016804
70,0.2528824557860692,cho,False,1.1145376,1.218059
73,0.4333813389142354,cho,False,2.3487165,2.0418253
79,0.0546779011686643,cho,False,2.5143464,0.1678106
98,0.281379093726476,cho,False,5.100268,9.996885
102,0.492730309565862,cho,False,2.9188442,4.297859
106,0.2108568251132965,cho,False,5.1489525,1.5067514
108,0.039486595739920936,cho,False,0.79157305,3.495343
109,0.03225683110455672,cho,False,0.7915727,1.8001511
110,0.03530465935667356,cho,False,0.7915727,1.9673512
114,0.027954133227467537,cho,False,0.7915726,3.710771
116,0.03392690668503443,cho,False,0.7915728,1.771376
121,0.03379572865863641,cho,False,0.0,3.1059916
123,0.10408136745293935,cho,False,1.1084998,3.3555653
127,0.11645833402872086,cho,False,0.7122535,2.0864239
141,0.02935137351353963,cho,False,0.0,3.2512012
142,0.027566201364000637,cho,False,0.7915727,3.0971696
148,0.1264916534225146,cho,False,2.0778344,3.9398715
154,0.2478836327791214,cho,False,4.234233,4.022935
161,0.08235327030221622,cho,False,0.6202522,0.6423704
165,0.03314618580043316,cho,False,0.7915727,2.6356318
176,0.05321153129140536,cho,False,0.7915728,4.0485444
177,0.07185834149519603,cho,False,0.71225333,7.0431566
180,0.07267468919356664,cho,False,3.6718092,1.6304805
183,0.02645899976293246,cho,False,0.0,1.8091638
197,0.08273685971895854,cho,False,1.0056342,1.997784
209,0.10466982424259186,cho,False,1.27023,0.7936184
217,0.14983234057823816,cho,False,1.3638213,0.59990233
221,0.13962574551502863,cho,False,2.5349014,0.6065954
223,0.05146975566943487,cho,False,0.7122534,5.0074897
227,0.10134187216560046,n_only,True,1.5499188,2.722655
233,0.056872675816218056,n_only,True,0.24113566,3.0784838
234,0.13437598943710327,n_only,True,2.8324451,3.2646098
258,0.25841035197178525,n_only,True,2.8785822,6.5960913
262,0.05667919789751371,n_only,True,0.0,3.2256951
266,0.0375167652964592,hal_only,True,0.0,2.8361278
267,0.03338893502950668,hal_only,True,0.0,3.3895364
271,0.0961352859934171,hal_only,True,1.2920535,2.8260064
272,0.07312516123056412,hal_only,True,0.3561268,2.2766004
273,0.04897622639934222,hal_only,True,0.0,2.882759
277,0.3426891366640727,hal_only,True,2.3851533,1.0978419
279,0.1637035235762596,hal_only,True,5.4742913,2.2050471
283,0.03804435208439827,n_and_hal,True,0.0,3.729367
287,0.03186129157741865,n_and_hal,True,0.0,4.2618027
297,0.24665677547454834,hal_only,True,5.3209157,6.80541
308,0.08873848492900531,n_only,True,0.4822712,9.0151825
309,0.09304872403542201,n_only,True,1.0466872,8.78703
324,0.8759730458259583,cho,False,2.6027608,5.163028
325,0.31850187480449677,n_only,True,1.8735051,12.585103
331,0.16142897059520087,cho,False,5.1722713,3.4779344
333,0.6922033826510111,cho,False,3.8448243,5.7244153
337,0.12852153678735098,cho,False,3.3403864,5.3333817
345,0.3605020319422086,n_and_hal,True,2.1917624,3.8626037
351,0.12428211669127147,n_and_hal,True,3.1600451,8.077551
360,0.21034171432256699,n_only,True,5.260508,2.9810607
364,0.08366668472687404,n_and_hal,True,3.36832,5.277936
9,0.03859025612473488,cho,False,0.6202522,0.09923704
12,0.3547271192073822,cho,False,4.3800116,1.8059824
13,0.03609368329246839,cho,False,0.7915728,1.4144188
14,0.024156973386804264,cho,False,0.7915728,2.1935802
16,0.17313230286041895,cho,False,1.1714207,2.3030539
22,0.03054961996773879,cho,False,0.0,3.089117
24,0.17418774714072546,cho,False,1.2243581,2.654134
29,0.04287951191266378,cho,False,0.3561268,3.9948547
33,0.06766664360960324,cho,False,1.0558807,9.264197
37,0.04623657464981079,cho,False,0.35612673,6.169328
39,0.05078320950269699,cho,False,0.35612673,5.673486
44,0.036266609405477844,cho,False,0.35612667,4.8823056
47,0.03372077892223994,cho,False,0.3561268,6.016097
49,0.048513587564229965,cho,False,0.3561268,6.9940596
50,0.04699137434363365,cho,False,0.3561268,3.7013736
59,0.16513752937316895,cho,False,1.5599467,0.6886625
61,0.05156082659959793,cho,False,1.9720309,3.7175438
62,0.06985943516095479,cho,False,0.0,3.4327445
63,0.13086147358020148,cho,False,2.519249,6.91236
71,0.7903196463982264,cho,False,4.963561,10.460901
75,0.2714807689189911,cho,False,4.5529137,10.564969
80,0.20031549781560898,cho,False,1.3638213,1.2530229
88,0.049671499679485955,cho,False,0.0,1.120578
91,0.1938509295384089,cho,False,7.9805684,6.004163
92,0.2753931184609731,cho,False,2.0769403,7.3456216
105,0.16381480544805527,cho,False,5.3209157,6.9946885
120,0.04030594415962696,cho,False,0.0,3.263581
122,0.18368801971276602,cho,False,1.4458975,1.8568487
146,0.03946075588464737,cho,False,0.3561268,4.0086427
149,0.02887314185500145,cho,False,1.5355177,0.58421916
153,1.1737185716629028,cho,False,19.222124,1.6271372
155,0.050188650687535606,cho,False,0.3561268,5.7214584
164,0.027653572460015614,cho,False,0.7915728,2.204202
168,0.032691157733400665,cho,False,0.7915727,2.3793054
172,0.041738285372654595,cho,False,0.7915726,4.154395
181,0.02764948457479477,cho,False,0.7915728,2.619745
188,0.358954389890035,cho,False,4.303005,8.098732
189,0.045073440919319786,cho,False,0.71521944,0.93993455
190,0.13304486125707626,cho,False,2.9497705,1.987545
191,0.06030553455154101,cho,False,3.6718092,0.5360929
192,0.29498862226804096,cho,False,19.663918,1.0730461
199,0.03833919142683347,cho,False,1.5355177,0.13416648
202,0.05217647428313891,cho,False,4.8599005,0.14126162
204,0.10668983807166417,cho,False,1.4175441,3.6835353
211,0.32496747374534607,cho,False,2.5635116,12.980566
212,0.41060034434000653,cho,False,5.1270237,10.524912
213,0.15652864426374435,cho,False,2.563512,5.7434063
214,0.07218046734730403,cho,False,0.0,3.502472
222,0.06173578525582949,cho,False,1.5355177,2.4161308
224,0.041932955384254456,cho,False,0.69841415,3.4808517
230,0.03563377447426319,n_only,True,0.0,5.703122
244,0.07678300142288208,n_only,True,1.5304621,2.3584976
245,0.03958122432231903,n_only,True,0.35612673,3.0301645
247,0.1154601698120435,n_only,True,3.75406,5.0599723
248,0.14909282326698303,n_only,True,2.3349967,2.315712
252,0.1407307709256808,n_only,True,2.3708973,1.2415922
254,0.19470083465178809,n_only,True,2.1724186,3.8763938
268,0.04620078454415003,hal_only,True,0.0,3.4481378
284,0.08287584657470386,n_and_hal,True,0.5233436,3.8259082
285,0.037687392284472786,n_and_hal,True,0.0,3.7631066
289,0.07473681246240933,hal_only,True,0.698414,0.8533325
296,0.11565226316452026,cho,True,5.9918475,7.5345106
299,0.11639615893363953,n_only,True,2.3989232,3.8500144
304,0.8940808574358622,cho,True,11.458823,6.8148293
306,0.1907491385936737,n_and_hal,True,2.0933745,8.508242
313,0.1886095553636551,n_and_hal,True,2.0933745,8.591708
335,0.10806242376565933,cho,False,1.8316032,5.3653126
341,0.16937648504972458,n_only,True,4.783447,5.1525207
348,0.10841311266024907,n_and_hal,True,2.5653145,7.3294573
350,0.42536504069964093,n_only,True,6.264073,4.2552376
356,0.3422445108493169,hal_only,True,3.3618917,6.1753716
359,0.5028381745020548,n_only,False,7.129994,8.231944
362,0.15102690955003104,n_and_hal,True,3.1409419,4.7868843
18,0.2690795461336772,cho,False,2.9436362,0.7800272
19,0.0993207444747289,cho,False,1.0466872,2.7102773
21,0.14066527287165323,cho,False,1.4245069,2.6437716
28,0.04525709028045336,cho,False,0.0,4.7004952
34,0.03758270045121511,cho,False,0.35612673,4.1651154
43,0.036136542136470474,cho,False,0.35612667,4.455109
54,0.06326099981864293,cho,False,0.71225333,6.051215
55,0.12214523553848267,cho,False,1.3638213,0.7841519
76,0.7032496531804403,cho,False,14.444765,3.9600213
78,0.24611544609069824,cho,False,5.0146523,9.505803
81,0.08489133045077324,cho,False,0.7122535,3.034449
86,0.04001796245574951,cho,False,1.5355177,0.37672675
93,0.08360224962234497,cho,False,0.0,5.724118
95,0.1627808709939321,cho,False,0.71521956,4.2950716
100,0.264712688823541,cho,False,7.585488,5.3576193
103,0.16062557697296143,cho,False,2.848728,2.3342278
111,0.03630748949944973,cho,False,0.7915726,3.0819662
115,0.05433547993501028,cho,False,2.9493165,1.1986821
117,0.038612273832162224,cho,False,0.7915728,3.0512578
125,0.058226420233647026,cho,False,0.35612673,1.458492
132,0.3475608726342519,cho,False,2.0908642,0.5638888
134,0.0226450531433026,cho,False,0.0,1.7883171
137,0.027939707040786743,cho,False,0.0,2.2182798
139,0.03169174368182818,cho,False,0.7915727,2.7810502
144,0.026404288907845814,cho,False,0.0,3.0888805
151,0.054371510942777,cho,False,1.5355182,0.8112769
152,0.15837698429822922,cho,False,4.3420467,1.5967416
157,0.04543194298942884,cho,False,1.5355177,2.0773768
166,0.04408727586269379,cho,False,0.7915727,3.0417335
178,0.0370577530314525,cho,False,0.6202522,1.3861529
186,0.08602536469697952,cho,False,1.2596245,6.022629
194,0.10697318861881892,cho,False,2.5349014,1.0922393
198,0.05752804999550184,cho,False,1.5355177,0.25852603
226,0.1975196252266566,cho,False,1.4687356,0.9131916
229,0.0510360449552536,n_only,True,0.0,5.7378745
235,0.12077698608239491,n_only,True,1.0466872,4.201495
237,0.1190519208709399,n_only,True,1.0466872,4.1290207
238,0.12094652901093166,n_only,True,1.0466872,4.197707
250,0.13284392903248468,n_only,True,5.260508,1.8833168
256,0.1236585130294164,n_only,True,2.3851533,4.6734
261,0.21083412071069083,n_only,True,3.7101483,3.4155815
264,0.07966539015372594,n_only,True,0.69841397,1.5275795
282,0.11755540097753207,n_and_hal,True,0.85968584,4.214521
288,0.031220366557439167,n_and_hal,True,0.0,3.7081904
293,0.08316729466120402,n_and_hal,True,1.8316033,4.9844246
298,0.17307355999946594,n_and_hal,True,3.1409419,4.5137844
301,0.07698230942090352,n_only,True,1.7290289,4.447825
302,0.16072827577590942,n_only,True,1.4141519,2.9565272
307,0.24108827114105225,n_only,True,1.0466874,10.800688
311,0.1415429189801216,n_only,True,1.0466872,7.2146425
315,0.24472867449124655,n_only,False,5.80158,8.111286
321,0.10545393327871959,n_only,True,2.08419,5.538538
326,0.25983629127343494,n_only,True,1.7261285,8.469807
330,0.8824898401896158,cho,False,5.453934,4.4847393
332,0.14534655710061392,cho,False,3.3449306,3.055069
338,0.12443039814631145,cho,False,2.112542,4.4345503
346,0.21290887395540872,n_and_hal,True,3.1266859,12.180128
363,0.11394831289847691,n_and_hal,True,3.2946556,3.4680533
365,0.09509790937105815,n_and_hal,True,1.7657431,8.068026
