regime,n_train_mol,seed,epochs,MCM org,MCM w,BIMOG org,BIMOG w
MCM only,100,0,151,0.25248903,0.033935726,1.6006498,0.22296573
MCM only,200,0,260,0.1908626,0.02439607,1.3630743,0.1648228
MCM only,400,0,153,0.10256735,0.014512292,1.2941557,0.15329592
MCM only,800,0,102,0.05534621,0.009873291,0.7814063,0.09256645
MCM only,1600,0,83,0.03723329,0.0075245285,0.68016917,0.0955572
MCM only,2855,0,77,0.030676072,0.006369846,0.641547,0.09315541
BIMOG train + MCM,312,0,210,0.5250165,0.103548646,0.14075914,0.01445061
BIMOG train + MCM,712,0,269,0.08516079,0.012535407,0.12881355,0.010293997
BIMOG train + MCM,1912,0,119,0.043143995,0.0071365847,0.097663425,0.009600309
BIMOG train + MCM,3167,0,95,0.034948185,0.0063904123,0.099607125,0.011415488
MCM only,100,1,148,0.25543955,0.03511113,1.6290588,0.12367479
MCM only,200,1,216,0.14836964,0.022905556,1.2212898,0.13073204
MCM only,400,1,180,0.091059305,0.015033972,1.0097154,0.113057084
MCM only,800,1,156,0.048191056,0.008380187,0.7815572,0.12393435
MCM only,1600,1,149,0.034732323,0.007272476,0.7025046,0.06373976
MCM only,2855,1,107,0.028748501,0.0060617556,0.6809715,0.08439016
BIMOG train + MCM,312,1,189,0.5277738,0.10461549,0.152036,0.016159287
BIMOG train + MCM,712,1,141,0.07874151,0.011732755,0.13508175,0.01217383
BIMOG train + MCM,1912,1,120,0.037876096,0.0070020384,0.10386298,0.011192763
BIMOG train + MCM,3167,1,113,0.035252705,0.0066453964,0.11494879,0.011182522
MCM only,100,2,251,0.25112182,0.032976594,1.61648,0.12201339
MCM only,200,2,181,0.14855576,0.021849,1.470789,0.114352114
MCM only,400,2,156,0.09062357,0.014167401,0.9687005,0.07837101
MCM only,800,2,131,0.05506915,0.009386244,0.8543034,0.07808049
MCM only,1600,2,95,0.03890362,0.0071353214,0.7085539,0.08234777
MCM only,2855,2,82,0.029413175,0.0062890835,0.6947363,0.09542182
BIMOG train + MCM,312,2,129,0.5337813,0.10349129,0.15249081,0.014634219
BIMOG train + MCM,712,2,126,0.08308236,0.012112227,0.117529094,0.01262456
BIMOG train + MCM,1912,2,119,0.041442532,0.0072119464,0.09400031,0.010664453
BIMOG train + MCM,3167,2,156,0.031312436,0.006465048,0.09177466,0.010460603
