model,seed,compound,w,org,max
M1,0,Glycerol,0.004756993172980307,0.05003280679484313,0.08699966244067281
M1,0,"1,2,4-Butanetriol",0.003325428829316601,0.01993934973886735,0.04583107560940025
M1,0,"2,5-Hexanediol",0.00407527953277482,0.026970787212110665,0.06076276258715607
M1,0,Ethanol,0.004996526847118703,0.028823070276857685,0.06784467630210811
M1,0,2-Propanol,0.004219102365981028,0.033546754016684895,0.08634637744200324
M1,0,Malonic acid,0.022769933575647057,0.08060030818885731,0.2649572426929817
M1,1,Glycerol,0.005261326430696108,0.019706690045943172,0.052710627428119494
M1,1,"1,2,4-Butanetriol",0.0044077733217341266,0.011456985098372154,0.045963869817567726
M1,1,"2,5-Hexanediol",0.0044904325604593,0.022526897924110362,0.058365479148482446
M1,1,Ethanol,0.006207576291472697,0.022821165823611756,0.08389596174933067
M1,1,2-Propanol,0.005604513556741081,0.026106174838327195,0.054205161084753595
M1,1,Malonic acid,0.016556880990470896,0.055890185137841615,0.1608152920856819
M1,2,Glycerol,0.006765295912910233,0.024170845828043186,0.08818625634569899
M1,2,"1,2,4-Butanetriol",0.004611502937137052,0.01321751468267456,0.03787994863595534
M1,2,"2,5-Hexanediol",0.006956271220848781,0.024699337543537567,0.06828114082055281
M1,2,Ethanol,0.011550541147307187,0.035499068633535726,0.0827963822347253
M1,2,2-Propanol,0.005148646251999035,0.026863434890062196,0.08363116323496178
M1,2,Malonic acid,0.02694206577910053,0.04570286798756365,0.11099343844798659
M2,0,Glycerol,0.0042592648213822205,0.01762264515638925,0.04208314819914549
M2,0,"1,2,4-Butanetriol",0.0041018657165379155,0.01652810869846449,0.04390851428019804
M2,0,"2,5-Hexanediol",0.0027839544935069236,0.04313621170765412,0.09779618192779393
M2,0,Ethanol,0.005094404289607195,0.012677566197711479,0.04692946837715439
M2,0,2-Propanol,0.0030403921070371654,0.032647687241082086,0.082656997690576
M2,0,Malonic acid,0.005629784048394062,0.06018997828869082,0.12394576617625808
M2,1,Glycerol,0.008929257212236323,0.024700026496164762,0.05351031593646138
M2,1,"1,2,4-Butanetriol",0.0054769076364422605,0.016764948040645683,0.04195932523178669
M2,1,"2,5-Hexanediol",0.003655140767479533,0.010269846651178395,0.02623338243736928
M2,1,Ethanol,0.004257269350141106,0.04083434075534939,0.15645520346600805
M2,1,2-Propanol,0.0034494064352019057,0.03898089461765569,0.05761461897177966
M2,1,Malonic acid,0.015459243215798902,0.06783956079824047,0.14652937003520583
M2,2,Glycerol,0.0038568732209404745,0.022801842764335677,0.04455436043109029
M2,2,"1,2,4-Butanetriol",0.0028011556359852576,0.02209361157736877,0.09334973470139118
M2,2,"2,5-Hexanediol",0.005022038728000801,0.013144508520852723,0.026448304455896743
M2,2,Ethanol,0.00658994802087153,0.02131228317487349,0.047843643447520234
M2,2,2-Propanol,0.009241295040361853,0.0273795037250792,0.05564781958037379
M2,2,Malonic acid,0.008343947024071334,0.043345561304326784,0.15542715140727614
M3,0,Glycerol,0.0043214059857380185,0.025206179395091125,0.06096241574563166
M3,0,"1,2,4-Butanetriol",0.004853179749956287,0.014695943199496561,0.039647473566221336
M3,0,"2,5-Hexanediol",0.0016214193037837766,0.036079054312277925,0.11614908281669534
M3,0,Ethanol,0.008165363392180087,0.020652522758595592,0.046731730260417104
M3,0,2-Propanol,0.0042774201598459625,0.02935254482080801,0.05510818298321851
M3,0,Malonic acid,0.010820971950590737,0.049232254927314846,0.12749355264683404
M3,1,Glycerol,0.005345448783414218,0.03584362592025626,0.08409964269060866
M3,1,"1,2,4-Butanetriol",0.005192994984326225,0.013006046304236027,0.04439167157578083
M3,1,"2,5-Hexanediol",0.0031958552669113073,0.019401710970141275,0.03968995732868308
M3,1,Ethanol,0.005100935469921661,0.01904907270989524,0.048899332037456444
M3,1,2-Propanol,0.007723596482728939,0.015164053143952305,0.043393153200524726
M3,1,Malonic acid,0.007499528543575959,0.06354967159516835,0.15923088141826247
M3,2,Glycerol,0.005283245523378865,0.04179672512889353,0.07980078050221429
M3,2,"1,2,4-Butanetriol",0.004195035739316252,0.022192080011281694,0.06439241002094942
M3,2,"2,5-Hexanediol",0.0028999829366064965,0.011546890718021221,0.037177428566361304
M3,2,Ethanol,0.005857677284852844,0.034889955648096736,0.07926534073788916
M3,2,2-Propanol,0.004512997732517845,0.022738099425746578,0.06090674896674253
M3,2,Malonic acid,0.005636566797597192,0.058302603477605096,0.18139653750804519
M4,0,Glycerol,0.00537121347220877,0.06758235293621662,0.12250886063851496
M4,0,"1,2,4-Butanetriol",0.0032642262214858104,0.04338137472661389,0.08921421053018141
M4,0,"2,5-Hexanediol",0.00263566861840029,0.02004889260537354,0.06957056115997462
M4,0,Ethanol,0.010038013102609428,0.0628666139872355,0.1502546792282844
M4,0,2-Propanol,0.006620303556467784,0.034878502210570705,0.0968291570706854
M4,0,Malonic acid,0.01252260146787933,0.04029359230519222,0.09718697616008376
M4,1,Glycerol,0.008003840399771098,0.058007313176877955,0.09883651625258238
M4,1,"1,2,4-Butanetriol",0.003547169960117061,0.032633089792843274,0.053860744081262624
M4,1,"2,5-Hexanediol",0.0018417946685519652,0.03034050159202653,0.06772671636238181
M4,1,Ethanol,0.0033800882611170376,0.04804315750163108,0.15125138809821848
M4,1,2-Propanol,0.004166035540082263,0.038814581804694104,0.1486087848706732
M4,1,Malonic acid,0.01025637904000706,0.030591565040621344,0.0850680472328752
M4,2,Glycerol,0.007829049120452722,0.030031879975624426,0.10572529291022459
M4,2,"1,2,4-Butanetriol",0.005530318873306551,0.030991089477483517,0.15842537061142536
M4,2,"2,5-Hexanediol",0.002687780324170116,0.02749029930499698,0.0694176233978081
M4,2,Ethanol,0.0039864897119529855,0.05751900138957099,0.15271274702985083
M4,2,2-Propanol,0.004529830150788276,0.028540676352163362,0.11014614601569273
M4,2,Malonic acid,0.009120871609112582,0.035014694683371525,0.09064583880518728
