representation,seed,fold,interp_w,interp_org,gen_w,gen_org,epochs
A: raw counts,0,0,0.009101331,0.06193815,0.038105063,0.40781587,114
A: raw counts,0,1,0.006978858,0.048203032,0.046008095,0.40982804,165
A: raw counts,0,2,0.008120847,0.053624358,0.049078662,0.3206033,122
A: raw counts,0,3,0.011496787,0.06548226,0.047701113,0.34992605,88
A: raw counts,0,4,0.0082629165,0.07159297,0.03529584,0.37310532,125
A: raw counts,1,0,0.00827807,0.046899892,0.036436617,0.29054958,186
A: raw counts,1,1,0.008763336,0.067665145,0.04618768,0.41211122,99
A: raw counts,1,2,0.011233312,0.07843628,0.06989389,0.4194263,82
A: raw counts,1,3,0.008544892,0.05672503,0.061417893,0.4417873,137
A: raw counts,1,4,0.0068745185,0.055339552,0.053183783,0.52843016,145
A: raw counts,2,0,0.010207619,0.07372982,0.03422243,0.3919623,96
A: raw counts,2,1,0.009959168,0.076301455,0.04283914,0.46275726,74
A: raw counts,2,2,0.0075855325,0.061941724,0.06571851,0.36665788,179
A: raw counts,2,3,0.010238289,0.066509895,0.04256614,0.39317304,121
A: raw counts,2,4,0.009074935,0.052940182,0.03873732,0.3988656,125
B: hand-crafted,0,0,0.008972111,0.058667403,0.020464394,0.28242555,148
B: hand-crafted,0,1,0.009268406,0.060952246,0.033054065,0.27902323,196
B: hand-crafted,0,2,0.00849527,0.058587786,0.038969345,0.25864574,158
B: hand-crafted,0,3,0.010974157,0.048944186,0.031000914,0.32172978,130
B: hand-crafted,0,4,0.0069954973,0.05911377,0.025594931,0.2920257,206
B: hand-crafted,1,0,0.007476784,0.047674764,0.018740222,0.28369218,182
B: hand-crafted,1,1,0.0067000575,0.055027276,0.035926767,0.3719285,185
B: hand-crafted,1,2,0.009132798,0.084248126,0.03494888,0.3133199,99
B: hand-crafted,1,3,0.008927118,0.040359236,0.031112157,0.29718697,160
B: hand-crafted,1,4,0.011571426,0.080309935,0.03132024,0.41940144,70
B: hand-crafted,2,0,0.009035924,0.044072434,0.022198875,0.3099402,186
B: hand-crafted,2,1,0.009971277,0.060576357,0.03380009,0.29937127,120
B: hand-crafted,2,2,0.0073893177,0.058090568,0.031877127,0.29703602,220
B: hand-crafted,2,3,0.0103620645,0.05547928,0.03140504,0.2606766,98
B: hand-crafted,2,4,0.009224826,0.057180524,0.026154974,0.38227478,159
C: learned embedding,0,0,0.008015594,0.05106992,0.020692414,0.2017329,184
C: learned embedding,0,1,0.0062734913,0.049978405,0.017445382,0.2008715,192
C: learned embedding,0,2,0.007928323,0.056046817,0.026648704,0.15455559,160
C: learned embedding,0,3,0.010833255,0.0646222,0.028420202,0.20871753,126
C: learned embedding,0,4,0.0071276934,0.050542034,0.02214014,0.16414,184
C: learned embedding,1,0,0.008492876,0.05846463,0.025995279,0.17721565,183
C: learned embedding,1,1,0.0066431942,0.045487642,0.0176892,0.1701549,200
C: learned embedding,1,2,0.007130455,0.05609071,0.02690321,0.16550104,174
C: learned embedding,1,3,0.009828356,0.05366745,0.02732873,0.21035147,139
C: learned embedding,1,4,0.007682871,0.065594755,0.022580871,0.19306311,169
C: learned embedding,2,0,0.008185464,0.054549962,0.02232077,0.2242007,224
C: learned embedding,2,1,0.008498001,0.06806421,0.022708837,0.19774921,119
C: learned embedding,2,2,0.008134602,0.059702616,0.023194205,0.1394593,152
C: learned embedding,2,3,0.008616712,0.056452423,0.027406113,0.20708865,182
C: learned embedding,2,4,0.008435559,0.05755733,0.021725105,0.20783038,149
