pool,representation,seed,interp_w,interp_org,gen_w,gen_org,epochs
CHO (243),"A′: raw counts, unscaled",0,0.009444944,0.051053714,0.03253465,0.2529815,149
CHO (243),"A′: raw counts, unscaled",1,0.0072600124,0.059005268,0.029344013,0.26318756,149
CHO (243),"A′: raw counts, unscaled",2,0.008840608,0.06991576,0.027459618,0.2615266,97
CHO (243),"A′: raw counts, unscaled",3,0.0075974492,0.05142695,0.03030388,0.25727528,163
CHO (243),"A′: raw counts, unscaled",4,0.009982435,0.07301188,0.035667,0.2625072,137
full BIMOG (368),A: raw counts,0,0.008940894,0.050341483,0.035300408,0.36903262,126
full BIMOG (368),A: raw counts,1,0.009372343,0.061963845,0.031092154,0.500935,90
full BIMOG (368),A: raw counts,2,0.0074718436,0.051373653,0.031972513,0.47960168,164
full BIMOG (368),A: raw counts,3,0.009105003,0.061095312,0.03378391,0.36828303,113
full BIMOG (368),A: raw counts,4,0.007566565,0.054829806,0.03188805,0.39056674,157
full BIMOG (368),"A′: raw counts, unscaled",0,0.008206977,0.05546748,0.024177628,0.28381118,144
full BIMOG (368),"A′: raw counts, unscaled",1,0.009297547,0.06901138,0.024784505,0.24831101,100
full BIMOG (368),"A′: raw counts, unscaled",2,0.008317376,0.06367378,0.02377358,0.25199273,144
full BIMOG (368),"A′: raw counts, unscaled",3,0.007291638,0.052558374,0.021964608,0.2588999,184
full BIMOG (368),"A′: raw counts, unscaled",4,0.006847471,0.046468068,0.022800086,0.24293229,206
full BIMOG (368),B: hand-crafted,0,0.008669058,0.057619218,0.022276223,0.28849098,160
full BIMOG (368),B: hand-crafted,1,0.0066017816,0.05433445,0.022116661,0.29824632,257
full BIMOG (368),B: hand-crafted,2,0.0092519205,0.06591213,0.022673994,0.30086824,129
full BIMOG (368),B: hand-crafted,3,0.011518529,0.07926122,0.028409371,0.34432265,75
full BIMOG (368),B: hand-crafted,4,0.009059293,0.057861727,0.025278384,0.3041165,158
full BIMOG (368),C: learned embedding,0,0.007448926,0.062460225,0.016119177,0.16014631,145
full BIMOG (368),C: learned embedding,1,0.0076806988,0.0581567,0.017111462,0.17056946,154
full BIMOG (368),C: learned embedding,2,0.0069543445,0.054312173,0.016771074,0.16676973,187
full BIMOG (368),C: learned embedding,3,0.0064666127,0.047332667,0.014604642,0.14961052,165
full BIMOG (368),C: learned embedding,4,0.0064825094,0.04928439,0.017364928,0.15734202,221
MCM (3337),C: learned embedding,0,0.00364918,0.026019609,0.0063236095,0.03082999,106
MCM (3337),C: learned embedding,1,0.003901394,0.024705792,0.006428625,0.029714169,101
MCM (3337),C: learned embedding,2,0.004072106,0.027637638,0.0068356385,0.0326841,92
