model,seed,compound,MAE ln γ_w,MAE ln γ_org,max |err|
M1: BIMOG train,0,Glycerol,0.00307690740113576,0.02397629012299489,0.09368455861914793
M1: BIMOG train,0,"1,2,4-Butanetriol",0.004266891465122299,0.026735827833882415,0.07989207879471394
M1: BIMOG train,0,"2,5-Hexanediol",0.003858053651373134,0.05083913579074664,0.10797871652946389
M1: BIMOG train,0,Ethanol,0.004915846592546759,0.011588337394412796,0.028974822739003203
M1: BIMOG train,0,2-Propanol,0.0046172967339295325,0.018726158139858094,0.056640167041253076
M1: BIMOG train,0,Malonic acid,0.044206902277528055,0.8821536312809425,1.0141866805031388
M1: BIMOG train,1,Glycerol,0.0031396829296626012,0.04671043427073955,0.08530471425332209
M1: BIMOG train,1,"1,2,4-Butanetriol",0.00368869819377345,0.02150317404702544,0.059554274342403346
M1: BIMOG train,1,"2,5-Hexanediol",0.004484131812750419,0.022027777631155813,0.062390484272406344
M1: BIMOG train,1,Ethanol,0.006313055035703274,0.03498701823070474,0.07779664719202484
M1: BIMOG train,1,2-Propanol,0.005775040882764863,0.050222394460989486,0.11518037855173424
M1: BIMOG train,1,Malonic acid,0.06450218186823514,0.5293175494247669,0.7617140523879747
M1: BIMOG train,2,Glycerol,0.006144812324862878,0.052711659585226,0.09812438939917723
M1: BIMOG train,2,"1,2,4-Butanetriol",0.005697262777209885,0.06681453467533595,0.11846111975759377
M1: BIMOG train,2,"2,5-Hexanediol",0.005911980712824688,0.056260357897621925,0.11346411186029703
M1: BIMOG train,2,Ethanol,0.005938661990775656,0.050819290585441095,0.08926895405073099
M1: BIMOG train,2,2-Propanol,0.0055104527152888124,0.04094265922252312,0.08272362797486688
M1: BIMOG train,2,Malonic acid,0.04539758527325784,0.9820759369401862,1.1724233095988885
M2: BIMOG train + MCM train,0,Glycerol,0.004452131699898629,0.02699608301708019,0.10387540315497557
M2: BIMOG train + MCM train,0,"1,2,4-Butanetriol",0.004165769621202772,0.04232301464475613,0.10045198575424763
M2: BIMOG train + MCM train,0,"2,5-Hexanediol",0.011284054463277663,0.04676129666428968,0.1280461699138633
M2: BIMOG train + MCM train,0,Ethanol,0.007883649014603741,0.03552290411910989,0.08905888578575705
M2: BIMOG train + MCM train,0,2-Propanol,0.008300226304539497,0.03400709831209607,0.07487194891961035
M2: BIMOG train + MCM train,0,Malonic acid,0.02804654198514355,0.24010431241521654,0.351849522215243
M2: BIMOG train + MCM train,1,Glycerol,0.00873917875798193,0.032979520024325575,0.09115784951771722
M2: BIMOG train + MCM train,1,"1,2,4-Butanetriol",0.0024919632032565104,0.027216621608103963,0.08935181275772663
M2: BIMOG train + MCM train,1,"2,5-Hexanediol",0.007689415467717948,0.06508403425768954,0.17852367464408792
M2: BIMOG train + MCM train,1,Ethanol,0.00613912360498614,0.03969311913616754,0.07209606511156763
M2: BIMOG train + MCM train,1,2-Propanol,0.007400783689085714,0.032162205456067905,0.07569779007661248
M2: BIMOG train + MCM train,1,Malonic acid,0.007413537647254844,0.13243654629591206,0.2725991671428337
M2: BIMOG train + MCM train,2,Glycerol,0.006011093998324705,0.025405477120382845,0.05303746870432868
M2: BIMOG train + MCM train,2,"1,2,4-Butanetriol",0.005043275066677557,0.06764949249863154,0.10245953632147398
M2: BIMOG train + MCM train,2,"2,5-Hexanediol",0.004426601937857967,0.02081139925834049,0.0764071125377872
M2: BIMOG train + MCM train,2,Ethanol,0.013190149545952644,0.0480610529523202,0.13742296355206762
M2: BIMOG train + MCM train,2,2-Propanol,0.009815944163432313,0.03203941880709372,0.1295444776578436
M2: BIMOG train + MCM train,2,Malonic acid,0.008235924903854486,0.21165503428644195,0.34762877873035813
M3: all BIMOG + all MCM,0,Glycerol,0.005754496594909536,0.0847876051122689,0.16788504648179092
M3: all BIMOG + all MCM,0,"1,2,4-Butanetriol",0.005875506128108606,0.03200059351434672,0.08184605386053079
M3: all BIMOG + all MCM,0,"2,5-Hexanediol",0.015265428275300627,0.10790529099564954,0.20732750002250588
M3: all BIMOG + all MCM,0,Ethanol,0.012147427455763282,0.036872530222803984,0.06514783764790733
M3: all BIMOG + all MCM,0,2-Propanol,0.017147071211669668,0.07905072008748026,0.1343337056673639
M3: all BIMOG + all MCM,0,Malonic acid,0.008292787082711762,0.06910184605251424,0.1974281876679468
M3: all BIMOG + all MCM,1,Glycerol,0.0042032871175289475,0.04190038718242356,0.08164105858078052
M3: all BIMOG + all MCM,1,"1,2,4-Butanetriol",0.006166570364082666,0.03258277307525869,0.0770592737397151
M3: all BIMOG + all MCM,1,"2,5-Hexanediol",0.009099098191533256,0.007925951178573514,0.035097404104495966
M3: all BIMOG + all MCM,1,Ethanol,0.006312892073789605,0.07490177681256895,0.13798479693372045
M3: all BIMOG + all MCM,1,2-Propanol,0.004210553646043079,0.05465456965283121,0.09863279362158872
M3: all BIMOG + all MCM,1,Malonic acid,0.008700305493954357,0.06697568767921791,0.12091097923204719
M3: all BIMOG + all MCM,2,Glycerol,0.007896076982935199,0.046253509699462445,0.10247374348010152
M3: all BIMOG + all MCM,2,"1,2,4-Butanetriol",0.0074202112364811675,0.02592807032380237,0.07746140138077351
M3: all BIMOG + all MCM,2,"2,5-Hexanediol",0.008981565542220002,0.03663488375199018,0.12685956064567483
M3: all BIMOG + all MCM,2,Ethanol,0.004146439244609518,0.035845978812658816,0.12549202101666723
M3: all BIMOG + all MCM,2,2-Propanol,0.011040033632480776,0.041988052491067615,0.11089619719778643
M3: all BIMOG + all MCM,2,Malonic acid,0.012767700982592969,0.14124405281634766,0.2520784659006182
M4: M2 without MCM diacids,0,Glycerol,0.003426125749208919,0.03181425418976882,0.10995424245703855
M4: M2 without MCM diacids,0,"1,2,4-Butanetriol",0.008031238665372378,0.06628647053970575,0.12569266781903266
M4: M2 without MCM diacids,0,"2,5-Hexanediol",0.013321307498019916,0.06535279473806833,0.10953652339746744
M4: M2 without MCM diacids,0,Ethanol,0.014965348796228824,0.03466943029264506,0.07740764277417456
M4: M2 without MCM diacids,0,2-Propanol,0.008817241324329725,0.027483278401326115,0.0751551825875616
M4: M2 without MCM diacids,0,Malonic acid,0.035246940712610746,0.13652016534799624,0.3176606677128896
M4: M2 without MCM diacids,1,Glycerol,0.010093928945194886,0.05760305375022754,0.15797639345038572
M4: M2 without MCM diacids,1,"1,2,4-Butanetriol",0.012406653294103955,0.06400863374803725,0.155243674673315
M4: M2 without MCM diacids,1,"2,5-Hexanediol",0.012990984048107265,0.09923840233200626,0.19452513758048928
M4: M2 without MCM diacids,1,Ethanol,0.004620489221393848,0.046337691784498515,0.09602500173612394
M4: M2 without MCM diacids,1,2-Propanol,0.00627565279876291,0.043325263173433014,0.08650709786390709
M4: M2 without MCM diacids,1,Malonic acid,0.02502933271291852,0.08021916193015793,0.13823624545298097
M4: M2 without MCM diacids,2,Glycerol,0.005029594242045196,0.06477469529059447,0.20969391321051756
M4: M2 without MCM diacids,2,"1,2,4-Butanetriol",0.007134904422972898,0.0723650543653918,0.20227269307541462
M4: M2 without MCM diacids,2,"2,5-Hexanediol",0.004285783027405243,0.026895204302618797,0.055864229835127954
M4: M2 without MCM diacids,2,Ethanol,0.00429171519950272,0.034870964124382266,0.08141725337407624
M4: M2 without MCM diacids,2,2-Propanol,0.012795841452377074,0.036368374110651115,0.08042814547124388
M4: M2 without MCM diacids,2,Malonic acid,0.005219565593126262,0.46074792060886505,0.7780625300786909
