model,regime,n_train_mol,seed,epochs,n_unseen_feat,MCM test | water,MCM test | organic,BIMOG test (paper) | water,BIMOG test (paper) | organic,"BIMOG test, CHO only | water","BIMOG test, CHO only | organic"
MLP,R1: MCM only,100,0,160,3,0.043823398649692535,0.29216963052749634,0.16899563372135162,2.0944161415100098,0.16138675808906555,1.9189804792404175
MLP,R1: MCM only,200,0,81,2,0.03493553400039673,0.23710450530052185,0.14097024500370026,1.7512812614440918,0.11425532400608063,1.4950568675994873
MLP,R1: MCM only,400,0,139,2,0.02290254831314087,0.17010299861431122,0.11265414208173752,1.4016823768615723,0.08990006148815155,1.1102871894836426
MLP,R1: MCM only,800,0,182,2,0.016614967957139015,0.1286463886499405,0.07946282625198364,1.3430544137954712,0.04536256939172745,0.9200550317764282
MLP,R1: MCM only,1600,0,96,2,0.013807038776576519,0.10994252562522888,0.09436840564012527,1.443780541419983,0.04589638113975525,0.9403814077377319
MLP,R1: MCM only,2855,0,141,2,0.012160437181591988,0.09768933802843094,0.07587365061044693,1.2638200521469116,0.030544936656951904,0.8696032762527466
MLP,R2: BIMOG train + MCM,312,0,198,6,0.1306140422821045,0.7890061736106873,0.024328963831067085,0.252921462059021,0.016978498548269272,0.18483464419841766
MLP,R2: BIMOG train + MCM,712,0,116,0,0.019518431276082993,0.16724932193756104,0.020945429801940918,0.250674307346344,0.01746327430009842,0.18907210230827332
MLP,R2: BIMOG train + MCM,1912,0,100,0,0.013118931092321873,0.11443506926298141,0.01831442303955555,0.23641566932201385,0.012776217423379421,0.17650900781154633
MLP,R2: BIMOG train + MCM,3167,0,98,0,0.012921744026243687,0.1003190204501152,0.02068397030234337,0.24314583837985992,0.01596054807305336,0.17236323654651642
GNN,R1: MCM only,400,0,40,0,0.030891792848706245,0.21486783027648926,0.16288724541664124,1.6195250749588013,0.12414861470460892,1.210389256477356
GNN,R1: MCM only,2855,0,39,0,0.011570136994123459,0.07195697724819183,0.10172432661056519,1.3733716011047363,0.07461722195148468,1.04738450050354
MLP,R1: MCM only,100,1,152,3,0.04026903957128525,0.30789715051651,0.1405504047870636,1.878839373588562,0.10594093799591064,1.4493228197097778
MLP,R1: MCM only,200,1,172,2,0.027472838759422302,0.22530041635036469,0.1200995147228241,1.5905317068099976,0.08683762699365616,1.308239459991455
MLP,R1: MCM only,400,1,114,2,0.0213345754891634,0.15611937642097473,0.11069253832101822,1.5132532119750977,0.06531575322151184,1.127677083015442
MLP,R1: MCM only,800,1,97,2,0.016959305852651596,0.13204476237297058,0.08701702207326889,1.4292432069778442,0.045609861612319946,1.0544238090515137
MLP,R1: MCM only,1600,1,177,2,0.013895810581743717,0.10876041650772095,0.07550984621047974,1.2754100561141968,0.03446542099118233,0.8761346936225891
MLP,R1: MCM only,2855,1,145,2,0.012258494272828102,0.09797342121601105,0.07669071108102798,1.3053332567214966,0.03654889762401581,0.932091474533081
MLP,R2: BIMOG train + MCM,312,1,172,6,0.1303468495607376,0.8197523951530457,0.023764345794916153,0.25317761301994324,0.02029290981590748,0.18397101759910583
MLP,R2: BIMOG train + MCM,712,1,178,0,0.017852462828159332,0.14938068389892578,0.021144745871424675,0.2811160087585449,0.016149861738085747,0.20281781256198883
MLP,R2: BIMOG train + MCM,1912,1,116,0,0.013514538295567036,0.11358752846717834,0.020383888855576515,0.2607504427433014,0.01608308218419552,0.19550135731697083
MLP,R2: BIMOG train + MCM,3167,1,119,0,0.012091930024325848,0.09717506915330887,0.019925903528928757,0.27001839876174927,0.015135744586586952,0.19995267689228058
GNN,R1: MCM only,400,1,40,0,0.02816459722816944,0.20114631950855255,0.23008126020431519,2.1248083114624023,0.19601038098335266,1.4149006605148315
GNN,R1: MCM only,2855,1,31,0,0.012914539314806461,0.08504467457532883,0.13320709764957428,1.3186049461364746,0.12201158702373505,0.7779333591461182
MLP,R1: MCM only,100,2,182,4,0.042825330048799515,0.3121281862258911,0.14381152391433716,2.2910242080688477,0.12861455976963043,1.8411937952041626
MLP,R1: MCM only,200,2,247,2,0.02950265072286129,0.23708714544773102,0.13908451795578003,2.112380266189575,0.11470968276262283,1.8262946605682373
MLP,R1: MCM only,400,2,158,2,0.022760741412639618,0.17356453835964203,0.09955211728811264,1.6173051595687866,0.07797197997570038,1.285216212272644
MLP,R1: MCM only,800,2,65,2,0.017048632726073265,0.13853538036346436,0.09563621878623962,1.5168794393539429,0.056377820670604706,1.1482131481170654
MLP,R1: MCM only,1600,2,100,2,0.013599997386336327,0.10699343681335449,0.07489337772130966,1.3956019878387451,0.038128308951854706,0.9808249473571777
MLP,R1: MCM only,2855,2,103,2,0.01253962330520153,0.09966284036636353,0.07106688618659973,1.25710129737854,0.03119715489447117,0.8573216199874878
MLP,R2: BIMOG train + MCM,312,2,93,6,0.12692345678806305,0.8865718841552734,0.027703259140253067,0.3287063539028168,0.021543826907873154,0.21266363561153412
MLP,R2: BIMOG train + MCM,712,2,132,0,0.02149120159447193,0.16468657553195953,0.024634243920445442,0.2693069577217102,0.01757201924920082,0.18415464460849762
MLP,R2: BIMOG train + MCM,1912,2,168,0,0.01315496489405632,0.11078514158725739,0.021860165521502495,0.26791730523109436,0.016063936054706573,0.17261293530464172
MLP,R2: BIMOG train + MCM,3167,2,136,0,0.012089022435247898,0.09706665575504303,0.020275786519050598,0.24802039563655853,0.01452366542071104,0.17820076644420624
GNN,R1: MCM only,400,2,40,0,0.03569667786359787,0.21737363934516907,0.2260516881942749,1.7361148595809937,0.15869207680225372,1.3412144184112549
GNN,R1: MCM only,2855,2,29,0,0.012208482250571251,0.0773853063583374,0.0936661958694458,1.1553081274032593,0.09074480086565018,0.9728450775146484
