model,regime,n_train_mol,MCM test | organic,BIMOG test (paper) | organic,"BIMOG test, CHO only | organic",MCM test | water
GNN,R1: MCM only,400,0.211 ± 0.009,1.827 ± 0.265,1.322 ± 0.104,0.032 ± 0.004
GNN,R1: MCM only,2855,0.078 ± 0.007,1.282 ± 0.113,0.933 ± 0.139,0.012 ± 0.001
MLP,R1: MCM only,100,0.304 ± 0.011,2.088 ± 0.206,1.736 ± 0.252,0.042 ± 0.002
MLP,R1: MCM only,200,0.233 ± 0.007,1.818 ± 0.267,1.543 ± 0.262,0.031 ± 0.004
MLP,R1: MCM only,400,0.167 ± 0.009,1.511 ± 0.108,1.174 ± 0.096,0.022 ± 0.001
MLP,R1: MCM only,800,0.133 ± 0.005,1.43 ± 0.087,1.041 ± 0.115,0.017 ± 0.0
MLP,R1: MCM only,1600,0.109 ± 0.001,1.372 ± 0.087,0.932 ± 0.053,0.014 ± 0.0
MLP,R1: MCM only,2855,0.098 ± 0.001,1.275 ± 0.026,0.886 ± 0.04,0.012 ± 0.0
MLP,R2: BIMOG train + MCM,312,0.832 ± 0.05,0.278 ± 0.044,0.194 ± 0.016,0.129 ± 0.002
MLP,R2: BIMOG train + MCM,712,0.16 ± 0.01,0.267 ± 0.015,0.192 ± 0.01,0.02 ± 0.002
MLP,R2: BIMOG train + MCM,1912,0.113 ± 0.002,0.255 ± 0.017,0.182 ± 0.012,0.013 ± 0.0
MLP,R2: BIMOG train + MCM,3167,0.098 ± 0.002,0.254 ± 0.014,0.184 ± 0.015,0.012 ± 0.0
