output,parameter,mean_ST,frac_outputs_ST_gt_0.1
ln_gamma_water,a[1:CHn (alkyl) -> 2:Alkene CH2=CH],4.34090949566676e-05,0.0
ln_gamma_water,a[1:CHn (alkyl) -> 7:H2O],0.0007515040769189311,0.0
ln_gamma_water,a[1:CHn (alkyl) -> 71:Organonitrate CH2ONO2],0.0022285026971763672,0.002531645569620253
ln_gamma_water,a[2:Alkene CH2=CH -> 1:CHn (alkyl)],1.047691722942156e-05,0.0
ln_gamma_water,a[2:Alkene CH2=CH -> 7:H2O],0.0010418806944790548,0.0
ln_gamma_water,a[2:Alkene CH2=CH -> 71:Organonitrate CH2ONO2],1.968085730148874e-27,0.0
ln_gamma_water,a[7:H2O -> 1:CHn (alkyl)],0.41468646849795315,0.6708860759493671
ln_gamma_water,a[7:H2O -> 2:Alkene CH2=CH],0.03374212340597534,0.07848101265822785
ln_gamma_water,a[7:H2O -> 71:Organonitrate CH2ONO2],0.027597013627752052,0.0810126582278481
ln_gamma_water,a[71:Organonitrate CH2ONO2 -> 1:CHn (alkyl)],0.0008698598157004258,0.0
ln_gamma_water,a[71:Organonitrate CH2ONO2 -> 2:Alkene CH2=CH],0.0015226366781936503,0.005063291139240506
ln_gamma_water,a[71:Organonitrate CH2ONO2 -> 7:H2O],0.003618865104106504,0.007594936708860759
ln_gamma_water,a[1:CHn (alkyl) -> 52:CH1 alkyl attached to OH (wh],0.0,0.0
ln_gamma_water,a[1:CHn (alkyl) -> 69:-OH group; must always be at],0.0007806950450469655,0.0
ln_gamma_water,a[1:CHn (alkyl) -> 75:Peroxy acyl nitrate C(=O)OON],0.0007331070435318671,0.0
ln_gamma_water,a[7:H2O -> 52:CH1 alkyl attached to OH (wh],0.00028872291429925284,0.0
ln_gamma_water,a[7:H2O -> 69:-OH group; must always be at],0.04251223520976914,0.11645569620253164
ln_gamma_water,a[7:H2O -> 75:Peroxy acyl nitrate C(=O)OON],0.004231016396553593,0.007594936708860759
ln_gamma_water,a[52:CH1 alkyl attached to OH (wh -> 1:CHn (alkyl)],0.0,0.0
ln_gamma_water,a[52:CH1 alkyl attached to OH (wh -> 7:H2O],5.258803183680467e-08,0.0
ln_gamma_water,a[52:CH1 alkyl attached to OH (wh -> 69:-OH group; must always be at],2.9978383567097395e-05,0.0
ln_gamma_water,a[52:CH1 alkyl attached to OH (wh -> 75:Peroxy acyl nitrate C(=O)OON],5.851311108819255e-07,0.0
ln_gamma_water,a[69:-OH group; must always be at -> 1:CHn (alkyl)],0.0014266675129023696,0.0
ln_gamma_water,a[69:-OH group; must always be at -> 7:H2O],0.020351519653092443,0.07848101265822785
ln_gamma_water,a[69:-OH group; must always be at -> 52:CH1 alkyl attached to OH (wh],0.0001479304615337443,0.0
ln_gamma_water,a[69:-OH group; must always be at -> 75:Peroxy acyl nitrate C(=O)OON],0.00021516222770446837,0.0
ln_gamma_water,a[75:Peroxy acyl nitrate C(=O)OON -> 1:CHn (alkyl)],0.0013219049034553772,0.0
ln_gamma_water,a[75:Peroxy acyl nitrate C(=O)OON -> 7:H2O],0.0038076925807476046,0.017721518987341773
ln_gamma_water,a[75:Peroxy acyl nitrate C(=O)OON -> 52:CH1 alkyl attached to OH (wh],4.826631662358413e-07,0.0
ln_gamma_water,a[75:Peroxy acyl nitrate C(=O)OON -> 69:-OH group; must always be at],0.00034818735477623835,0.0
ln_gamma_water,a[2:Alkene CH2=CH -> 10:aldehyde -CH(=O)],5.5392269669593175e-05,0.0
ln_gamma_water,a[2:Alkene CH2=CH -> 72:Hydroperoxide CH2OOH],1.5156568482262182e-05,0.0
ln_gamma_water,a[7:H2O -> 10:aldehyde -CH(=O)],0.009088950300908422,0.02278481012658228
ln_gamma_water,a[7:H2O -> 72:Hydroperoxide CH2OOH],0.037224336354896144,0.10126582278481013
ln_gamma_water,a[10:aldehyde -CH(=O) -> 2:Alkene CH2=CH],3.885171289949706e-06,0.0
ln_gamma_water,a[10:aldehyde -CH(=O) -> 7:H2O],0.0031906176379660053,0.005063291139240506
ln_gamma_water,a[10:aldehyde -CH(=O) -> 72:Hydroperoxide CH2OOH],0.007240640252481825,0.03291139240506329
ln_gamma_water,a[72:Hydroperoxide CH2OOH -> 2:Alkene CH2=CH],2.154030841653528e-05,0.0
ln_gamma_water,a[72:Hydroperoxide CH2OOH -> 7:H2O],0.00042748122458159443,0.0
ln_gamma_water,a[72:Hydroperoxide CH2OOH -> 10:aldehyde -CH(=O)],0.0003095865917833053,0.0
ln_gamma_water,a[1:CHn (alkyl) -> 68:CH3 alkyl attached to OH (wh],0.0,0.0
ln_gamma_water,a[1:CHn (alkyl) -> 73:Peroxy Acid C(=O)OOH],3.2116404144933863e-05,0.0
ln_gamma_water,a[7:H2O -> 68:CH3 alkyl attached to OH (wh],0.0007155592214921322,0.0
ln_gamma_water,a[7:H2O -> 73:Peroxy Acid C(=O)OOH],0.01295528900984356,0.043037974683544304
ln_gamma_water,a[68:CH3 alkyl attached to OH (wh -> 1:CHn (alkyl)],0.0,0.0
ln_gamma_water,a[68:CH3 alkyl attached to OH (wh -> 7:H2O],1.2656078067313437e-07,0.0
ln_gamma_water,a[68:CH3 alkyl attached to OH (wh -> 69:-OH group; must always be at],8.051134984206947e-05,0.0
ln_gamma_water,a[68:CH3 alkyl attached to OH (wh -> 73:Peroxy Acid C(=O)OOH],4.728062735623827e-07,0.0
ln_gamma_water,a[69:-OH group; must always be at -> 68:CH3 alkyl attached to OH (wh],0.0002389421229346639,0.0
ln_gamma_water,a[69:-OH group; must always be at -> 73:Peroxy Acid C(=O)OOH],3.120952892262656e-07,0.0
ln_gamma_water,a[73:Peroxy Acid C(=O)OOH -> 1:CHn (alkyl)],7.601188149256075e-16,0.0
ln_gamma_water,a[73:Peroxy Acid C(=O)OOH -> 7:H2O],0.0006517025582195636,0.0
ln_gamma_water,a[73:Peroxy Acid C(=O)OOH -> 68:CH3 alkyl attached to OH (wh],6.976346047254763e-18,0.0
ln_gamma_water,a[73:Peroxy Acid C(=O)OOH -> 69:-OH group; must always be at],0.0048151248285191505,0.017721518987341773
ln_gamma_water,a[1:CHn (alkyl) -> 72:Hydroperoxide CH2OOH],0.00011990888639655912,0.0
ln_gamma_water,a[1:CHn (alkyl) -> 74:peroxide CH3OOCH3],2.632656429480203e-05,0.0
ln_gamma_water,a[2:Alkene CH2=CH -> 52:CH1 alkyl attached to OH (wh],6.727127210678128e-08,0.0
ln_gamma_water,a[2:Alkene CH2=CH -> 69:-OH group; must always be at],0.0001097231835493387,0.0
ln_gamma_water,a[2:Alkene CH2=CH -> 74:peroxide CH3OOCH3],1.5902403247872208e-06,0.0
ln_gamma_water,a[7:H2O -> 74:peroxide CH3OOCH3],1.1230086488611785e-06,0.0
ln_gamma_water,a[52:CH1 alkyl attached to OH (wh -> 2:Alkene CH2=CH],3.4441961092880167e-07,0.0
ln_gamma_water,a[52:CH1 alkyl attached to OH (wh -> 72:Hydroperoxide CH2OOH],7.030959520453511e-08,0.0
ln_gamma_water,a[52:CH1 alkyl attached to OH (wh -> 74:peroxide CH3OOCH3],1.485848928251746e-07,0.0
ln_gamma_water,a[69:-OH group; must always be at -> 2:Alkene CH2=CH],4.432214607836479e-05,0.0
ln_gamma_water,a[69:-OH group; must always be at -> 72:Hydroperoxide CH2OOH],0.001726275492985585,0.005063291139240506
ln_gamma_water,a[69:-OH group; must always be at -> 74:peroxide CH3OOCH3],2.6398941429830926e-05,0.0
ln_gamma_water,a[72:Hydroperoxide CH2OOH -> 1:CHn (alkyl)],3.2786222889357356e-05,0.0
ln_gamma_water,a[72:Hydroperoxide CH2OOH -> 52:CH1 alkyl attached to OH (wh],6.102067627789775e-08,0.0
ln_gamma_water,a[72:Hydroperoxide CH2OOH -> 69:-OH group; must always be at],0.00016010730834514173,0.0
ln_gamma_water,a[72:Hydroperoxide CH2OOH -> 74:peroxide CH3OOCH3],0.0004885474518370393,0.0
ln_gamma_water,a[74:peroxide CH3OOCH3 -> 1:CHn (alkyl)],0.0001399657290108563,0.0
ln_gamma_water,a[74:peroxide CH3OOCH3 -> 2:Alkene CH2=CH],7.061035987647847e-05,0.0
ln_gamma_water,a[74:peroxide CH3OOCH3 -> 7:H2O],0.00013247248647847262,0.0
ln_gamma_water,a[74:peroxide CH3OOCH3 -> 52:CH1 alkyl attached to OH (wh],6.504140977024911e-07,0.0
ln_gamma_water,a[74:peroxide CH3OOCH3 -> 69:-OH group; must always be at],2.9500428097670332e-05,0.0
ln_gamma_water,a[74:peroxide CH3OOCH3 -> 72:Hydroperoxide CH2OOH],1.8839870402594198e-07,0.0
ln_gamma_water,a[1:CHn (alkyl) -> 20:Formic acid HC(=O)OH],0.0005429128497763905,0.0
ln_gamma_water,a[7:H2O -> 20:Formic acid HC(=O)OH],0.0008802891724934265,0.0
ln_gamma_water,a[20:Formic acid HC(=O)OH -> 1:CHn (alkyl)],0.0006778969246472446,0.0
ln_gamma_water,a[20:Formic acid HC(=O)OH -> 7:H2O],0.013285099423113548,0.05063291139240506
ln_gamma_water,a[20:Formic acid HC(=O)OH -> 68:CH3 alkyl attached to OH (wh],4.6156548178541595e-06,0.0
ln_gamma_water,a[20:Formic acid HC(=O)OH -> 52:CH1 alkyl attached to OH (wh],2.6298992659268537e-06,0.0
ln_gamma_water,a[20:Formic acid HC(=O)OH -> 69:-OH group; must always be at],0.0007421715833018918,0.0
ln_gamma_water,a[20:Formic acid HC(=O)OH -> 71:Organonitrate CH2ONO2],0.0004513554515779705,0.0
ln_gamma_water,a[68:CH3 alkyl attached to OH (wh -> 20:Formic acid HC(=O)OH],5.425475233482056e-06,0.0
ln_gamma_water,a[68:CH3 alkyl attached to OH (wh -> 52:CH1 alkyl attached to OH (wh],0.0,0.0
ln_gamma_water,a[68:CH3 alkyl attached to OH (wh -> 71:Organonitrate CH2ONO2],5.96461343426258e-06,0.0
ln_gamma_water,a[52:CH1 alkyl attached to OH (wh -> 20:Formic acid HC(=O)OH],2.9425652080932935e-06,0.0
ln_gamma_water,a[52:CH1 alkyl attached to OH (wh -> 68:CH3 alkyl attached to OH (wh],0.0,0.0
ln_gamma_water,a[52:CH1 alkyl attached to OH (wh -> 71:Organonitrate CH2ONO2],1.4299264637775704e-05,0.0
ln_gamma_water,a[69:-OH group; must always be at -> 20:Formic acid HC(=O)OH],0.0003098374154563753,0.0
ln_gamma_water,a[69:-OH group; must always be at -> 71:Organonitrate CH2ONO2],7.243209686226822e-05,0.0
ln_gamma_water,a[71:Organonitrate CH2ONO2 -> 20:Formic acid HC(=O)OH],5.776866528289528e-05,0.0
ln_gamma_water,a[71:Organonitrate CH2ONO2 -> 68:CH3 alkyl attached to OH (wh],4.7737547003398274e-06,0.0
ln_gamma_water,a[71:Organonitrate CH2ONO2 -> 52:CH1 alkyl attached to OH (wh],6.618147455780999e-06,0.0
ln_gamma_water,a[71:Organonitrate CH2ONO2 -> 69:-OH group; must always be at],0.00040616231488652165,0.0
ln_gamma_water,a[1:CHn (alkyl) -> 13:ether CH3O-],0.0002753947311579236,0.0
ln_gamma_water,a[7:H2O -> 13:ether CH3O-],0.03143915724625292,0.07848101265822785
ln_gamma_water,a[13:ether CH3O- -> 1:CHn (alkyl)],6.865930210723359e-05,0.0
ln_gamma_water,a[13:ether CH3O- -> 7:H2O],0.045163660732624566,0.10886075949367088
ln_gamma_water,a[13:ether CH3O- -> 71:Organonitrate CH2ONO2],8.5622714043715e-07,0.0
ln_gamma_water,a[71:Organonitrate CH2ONO2 -> 13:ether CH3O-],0.0002120766211875391,0.0
ln_gamma_water,a[1:CHn (alkyl) -> 9:ketone CH3C(=O)],0.0022537547614785275,0.002531645569620253
ln_gamma_water,a[1:CHn (alkyl) -> 10:aldehyde -CH(=O)],0.0007676710474807612,0.002531645569620253
ln_gamma_water,a[7:H2O -> 9:ketone CH3C(=O)],0.04859863497465518,0.13670886075949368
ln_gamma_water,a[9:ketone CH3C(=O) -> 1:CHn (alkyl)],0.00010859506149403241,0.0
ln_gamma_water,a[9:ketone CH3C(=O) -> 7:H2O],0.0073815169374938545,0.017721518987341773
ln_gamma_water,a[9:ketone CH3C(=O) -> 10:aldehyde -CH(=O)],4.612755409952595e-05,0.0
ln_gamma_water,a[10:aldehyde -CH(=O) -> 1:CHn (alkyl)],0.0006402142479850707,0.0
ln_gamma_water,a[10:aldehyde -CH(=O) -> 9:ketone CH3C(=O)],0.0002407077434938609,0.0
ln_gamma_water,a[2:Alkene CH2=CH -> 20:Formic acid HC(=O)OH],0.0002930749847034002,0.0
ln_gamma_water,a[20:Formic acid HC(=O)OH -> 2:Alkene CH2=CH],1.5904474958197127e-05,0.0
ln_gamma_water,a[9:ketone CH3C(=O) -> 68:CH3 alkyl attached to OH (wh],4.6274353084199794e-07,0.0
ln_gamma_water,a[9:ketone CH3C(=O) -> 52:CH1 alkyl attached to OH (wh],8.452061134994753e-07,0.0
ln_gamma_water,a[9:ketone CH3C(=O) -> 69:-OH group; must always be at],0.0008758914463219498,0.0
ln_gamma_water,a[68:CH3 alkyl attached to OH (wh -> 9:ketone CH3C(=O)],1.1444608179173038e-05,0.0
ln_gamma_water,a[52:CH1 alkyl attached to OH (wh -> 9:ketone CH3C(=O)],1.180685069260649e-05,0.0
ln_gamma_water,a[69:-OH group; must always be at -> 9:ketone CH3C(=O)],0.0002288260386414821,0.0
ln_gamma_water,a[9:ketone CH3C(=O) -> 20:Formic acid HC(=O)OH],0.00023479525429667895,0.0
ln_gamma_water,a[20:Formic acid HC(=O)OH -> 9:ketone CH3C(=O)],0.0033490316509615036,0.017721518987341773
ln_gamma_water,a[10:aldehyde -CH(=O) -> 13:ether CH3O-],6.159001522478915e-05,0.0
ln_gamma_water,a[13:ether CH3O- -> 10:aldehyde -CH(=O)],7.595668914673725e-08,0.0
ln_gamma_water,a[13:ether CH3O- -> 72:Hydroperoxide CH2OOH],0.00032471424003207265,0.0
ln_gamma_water,a[72:Hydroperoxide CH2OOH -> 13:ether CH3O-],4.0237586223906875e-05,0.0
ln_gamma_water,a[9:ketone CH3C(=O) -> 72:Hydroperoxide CH2OOH],0.011042240927709402,0.043037974683544304
ln_gamma_water,a[72:Hydroperoxide CH2OOH -> 9:ketone CH3C(=O)],0.0006202981678663365,0.0
ln_gamma_water,a[9:ketone CH3C(=O) -> 13:ether CH3O-],1.064328545695831e-05,0.0
ln_gamma_water,a[9:ketone CH3C(=O) -> 71:Organonitrate CH2ONO2],0.0021343078665620975,0.0
ln_gamma_water,a[10:aldehyde -CH(=O) -> 52:CH1 alkyl attached to OH (wh],5.816568140343394e-06,0.0
ln_gamma_water,a[10:aldehyde -CH(=O) -> 69:-OH group; must always be at],0.00040250479167426486,0.0
ln_gamma_water,a[10:aldehyde -CH(=O) -> 71:Organonitrate CH2ONO2],0.0016531943875466957,0.010126582278481013
ln_gamma_water,a[13:ether CH3O- -> 9:ketone CH3C(=O)],3.8950373958508075e-06,0.0
ln_gamma_water,a[13:ether CH3O- -> 52:CH1 alkyl attached to OH (wh],1.4383886433994991e-06,0.0
ln_gamma_water,a[13:ether CH3O- -> 69:-OH group; must always be at],0.00018313196082440371,0.0
ln_gamma_water,a[52:CH1 alkyl attached to OH (wh -> 10:aldehyde -CH(=O)],1.3970089918217372e-06,0.0
ln_gamma_water,a[52:CH1 alkyl attached to OH (wh -> 13:ether CH3O-],7.834386892658654e-06,0.0
ln_gamma_water,a[69:-OH group; must always be at -> 10:aldehyde -CH(=O)],0.0018206092081446662,0.005063291139240506
ln_gamma_water,a[69:-OH group; must always be at -> 13:ether CH3O-],1.6119650948670695e-05,0.0
ln_gamma_water,a[71:Organonitrate CH2ONO2 -> 9:ketone CH3C(=O)],0.00019475481649050967,0.0
ln_gamma_water,a[71:Organonitrate CH2ONO2 -> 10:aldehyde -CH(=O)],0.0030546726936118073,0.010126582278481013
ln_gamma_water,a[1:CHn (alkyl) -> 11:ester CH3COO],0.0010964445090695673,0.002531645569620253
ln_gamma_water,a[7:H2O -> 11:ester CH3COO],0.0024347865554792667,0.005063291139240506
ln_gamma_water,a[11:ester CH3COO -> 1:CHn (alkyl)],0.0006492317912393103,0.0
ln_gamma_water,a[11:ester CH3COO -> 7:H2O],0.003203187978584837,0.012658227848101266
ln_gamma_water,a[11:ester CH3COO -> 52:CH1 alkyl attached to OH (wh],4.631686012986416e-07,0.0
ln_gamma_water,a[11:ester CH3COO -> 69:-OH group; must always be at],0.00038717255372115316,0.0
ln_gamma_water,a[52:CH1 alkyl attached to OH (wh -> 11:ester CH3COO],1.362169956719728e-06,0.0
ln_gamma_water,a[69:-OH group; must always be at -> 11:ester CH3COO],5.8983306938273694e-05,0.0
ln_gamma_water,a[1:CHn (alkyl) -> 3:Aromatic Hydrocarbon ACH],0.00010557202633173177,0.0
ln_gamma_water,a[1:CHn (alkyl) -> 8:aromatic carbon alcohol ACH],1.992991763308509e-06,0.0
ln_gamma_water,a[1:CHn (alkyl) -> 27:aromatic nitro group ACNO2],6.718161743233099e-06,0.0
ln_gamma_water,a[3:Aromatic Hydrocarbon ACH -> 1:CHn (alkyl)],4.834127003677881e-06,0.0
ln_gamma_water,a[3:Aromatic Hydrocarbon ACH -> 7:H2O],0.00038158444199313266,0.0
ln_gamma_water,a[3:Aromatic Hydrocarbon ACH -> 8:aromatic carbon alcohol ACH],1.0840201069493122e-06,0.0
ln_gamma_water,a[3:Aromatic Hydrocarbon ACH -> 27:aromatic nitro group ACNO2],3.275901049802139e-06,0.0
ln_gamma_water,a[7:H2O -> 3:Aromatic Hydrocarbon ACH],0.041464974221804035,0.06329113924050633
ln_gamma_water,a[7:H2O -> 8:aromatic carbon alcohol ACH],0.00019679915410766245,0.0
ln_gamma_water,a[7:H2O -> 27:aromatic nitro group ACNO2],0.0003149238465045164,0.0
ln_gamma_water,a[8:aromatic carbon alcohol ACH -> 1:CHn (alkyl)],7.526148976999483e-06,0.0
ln_gamma_water,a[8:aromatic carbon alcohol ACH -> 3:Aromatic Hydrocarbon ACH],2.1583685212030554e-07,0.0
ln_gamma_water,a[8:aromatic carbon alcohol ACH -> 7:H2O],0.04378604280519351,0.05063291139240506
ln_gamma_water,a[8:aromatic carbon alcohol ACH -> 27:aromatic nitro group ACNO2],0.0,0.0
ln_gamma_water,a[27:aromatic nitro group ACNO2 -> 1:CHn (alkyl)],2.1813633543138844e-17,0.0
ln_gamma_water,a[27:aromatic nitro group ACNO2 -> 3:Aromatic Hydrocarbon ACH],5.61034607754487e-09,0.0
ln_gamma_water,a[27:aromatic nitro group ACNO2 -> 7:H2O],1.6503641908604207e-05,0.0
ln_gamma_water,a[27:aromatic nitro group ACNO2 -> 8:aromatic carbon alcohol ACH],0.0,0.0
ln_gamma_water,a[52:CH1 alkyl attached to OH (wh -> 73:Peroxy Acid C(=O)OOH],3.153109617944478e-08,0.0
ln_gamma_water,a[73:Peroxy Acid C(=O)OOH -> 52:CH1 alkyl attached to OH (wh],1.4699576027705174e-19,0.0
ln_gamma_water,a[13:ether CH3O- -> 20:Formic acid HC(=O)OH],6.719399349742382e-06,0.0
ln_gamma_water,a[20:Formic acid HC(=O)OH -> 13:ether CH3O-],0.00027870256892385825,0.0
ln_gamma_water,a[2:Alkene CH2=CH -> 9:ketone CH3C(=O)],3.342208065925979e-05,0.0
ln_gamma_water,a[9:ketone CH3C(=O) -> 2:Alkene CH2=CH],7.476415437165747e-06,0.0
ln_gamma_water,a[7:H2O -> 67:?],0.05028802221638259,0.060759493670886074
ln_gamma_water,a[67:? -> 7:H2O],0.0002074713812068644,0.0
ln_gamma_water,a[67:? -> 68:CH3 alkyl attached to OH (wh],0.0,0.0
ln_gamma_water,a[67:? -> 69:-OH group; must always be at],0.0009602006143707592,0.002531645569620253
ln_gamma_water,a[68:CH3 alkyl attached to OH (wh -> 67:?],0.0,0.0
ln_gamma_water,a[69:-OH group; must always be at -> 67:?],0.0004953307175916337,0.0
ln_gamma_water,a[10:aldehyde -CH(=O) -> 20:Formic acid HC(=O)OH],5.2374560712436785e-05,0.0
ln_gamma_water,a[20:Formic acid HC(=O)OH -> 10:aldehyde -CH(=O)],3.2998772637448065e-05,0.0
ln_gamma_water,a[13:ether CH3O- -> 73:Peroxy Acid C(=O)OOH],9.429337261522211e-09,0.0
ln_gamma_water,a[73:Peroxy Acid C(=O)OOH -> 13:ether CH3O-],0.0021325604861622766,0.010126582278481013
ln_gamma_water,a[10:aldehyde -CH(=O) -> 68:CH3 alkyl attached to OH (wh],8.424356045545248e-06,0.0
ln_gamma_water,a[68:CH3 alkyl attached to OH (wh -> 10:aldehyde -CH(=O)],3.577515762412004e-06,0.0
ln_gamma_water,a[10:aldehyde -CH(=O) -> 11:ester CH3COO],0.0004695618050213144,0.0
ln_gamma_water,a[11:ester CH3COO -> 10:aldehyde -CH(=O)],0.00034822142933368244,0.0
ln_gamma_water,a[9:ketone CH3C(=O) -> 73:Peroxy Acid C(=O)OOH],0.0004875443389184096,0.0
ln_gamma_water,a[73:Peroxy Acid C(=O)OOH -> 9:ketone CH3C(=O)],0.0006333291952287667,0.0
ln_gamma_water,a[71:Organonitrate CH2ONO2 -> 75:Peroxy acyl nitrate C(=O)OON],0.001819153459526609,0.010126582278481013
ln_gamma_water,a[75:Peroxy acyl nitrate C(=O)OON -> 71:Organonitrate CH2ONO2],0.0003293331768070276,0.0
ln_gamma_water,a[9:ketone CH3C(=O) -> 75:Peroxy acyl nitrate C(=O)OON],1.1838285560346265e-06,0.0
ln_gamma_water,a[75:Peroxy acyl nitrate C(=O)OON -> 9:ketone CH3C(=O)],0.0003223961670003033,0.0
ln_gamma_water,a[3:Aromatic Hydrocarbon ACH -> 10:aldehyde -CH(=O)],0.00020827188602642486,0.0
ln_gamma_water,a[3:Aromatic Hydrocarbon ACH -> 72:Hydroperoxide CH2OOH],3.9006433599937355e-06,0.0
ln_gamma_water,a[10:aldehyde -CH(=O) -> 3:Aromatic Hydrocarbon ACH],1.1831239347819494e-06,0.0
ln_gamma_water,a[72:Hydroperoxide CH2OOH -> 3:Aromatic Hydrocarbon ACH],2.2473717368010503e-06,0.0
ln_gamma_water,a[20:Formic acid HC(=O)OH -> 73:Peroxy Acid C(=O)OOH],0.004454464705869659,0.012658227848101266
ln_gamma_water,a[73:Peroxy Acid C(=O)OOH -> 20:Formic acid HC(=O)OH],1.1282064352424955e-07,0.0
ln_gamma_water,a[71:Organonitrate CH2ONO2 -> 74:peroxide CH3OOCH3],0.0004129898761123318,0.0
ln_gamma_water,a[74:peroxide CH3OOCH3 -> 71:Organonitrate CH2ONO2],8.43150624898446e-06,0.0
ln_gamma_water,a[2:Alkene CH2=CH -> 73:Peroxy Acid C(=O)OOH],6.324932706789255e-06,0.0
ln_gamma_water,a[73:Peroxy Acid C(=O)OOH -> 2:Alkene CH2=CH],3.6933641550261968e-06,0.0
ln_gamma_water,a[11:ester CH3COO -> 72:Hydroperoxide CH2OOH],3.711204370316236e-05,0.0
ln_gamma_water,a[72:Hydroperoxide CH2OOH -> 11:ester CH3COO],0.005497034129512792,0.012658227848101266
ln_gamma_water,a[2:Alkene CH2=CH -> 75:Peroxy acyl nitrate C(=O)OON],7.292802647039171e-06,0.0
ln_gamma_water,a[75:Peroxy acyl nitrate C(=O)OON -> 2:Alkene CH2=CH],7.664305243003108e-06,0.0
ln_gamma_water,a[3:Aromatic Hydrocarbon ACH -> 2:Alkene CH2=CH],1.831479318082016e-09,0.0
ln_gamma_water,a[8:aromatic carbon alcohol ACH -> 2:Alkene CH2=CH],3.6290750497422946e-07,0.0
ln_gamma_water,a[2:Alkene CH2=CH -> 3:Aromatic Hydrocarbon ACH],1.326825052602032e-07,0.0
ln_gamma_water,a[2:Alkene CH2=CH -> 8:aromatic carbon alcohol ACH],7.516852228469274e-07,0.0
ln_gamma_water,a[11:ester CH3COO -> 68:CH3 alkyl attached to OH (wh],6.899905719554372e-06,0.0
ln_gamma_water,a[68:CH3 alkyl attached to OH (wh -> 11:ester CH3COO],1.8667480464771985e-05,0.0
ln_gamma_water,a[67:? -> 52:CH1 alkyl attached to OH (wh],0.0,0.0
ln_gamma_water,a[52:CH1 alkyl attached to OH (wh -> 67:?],0.0,0.0
ln_gamma_water,a[7:H2O -> 66:?],0.0007758349857127349,0.002531645569620253
ln_gamma_water,a[66:? -> 7:H2O],7.313490240440478e-07,0.0
ln_gamma_water,a[66:? -> 67:?],0.0,0.0
ln_gamma_water,a[66:? -> 52:CH1 alkyl attached to OH (wh],0.0,0.0
ln_gamma_water,a[66:? -> 69:-OH group; must always be at],7.346954679980396e-05,0.0
ln_gamma_water,a[67:? -> 66:?],0.0,0.0
ln_gamma_water,a[52:CH1 alkyl attached to OH (wh -> 66:?],0.0,0.0
ln_gamma_water,a[69:-OH group; must always be at -> 66:?],0.0005760238185678301,0.0
ln_gamma_water,a[3:Aromatic Hydrocarbon ACH -> 13:ether CH3O-],9.380646783675677e-07,0.0
ln_gamma_water,a[3:Aromatic Hydrocarbon ACH -> 68:CH3 alkyl attached to OH (wh],3.121728685800896e-08,0.0
ln_gamma_water,a[3:Aromatic Hydrocarbon ACH -> 52:CH1 alkyl attached to OH (wh],3.522166368678883e-08,0.0
ln_gamma_water,a[3:Aromatic Hydrocarbon ACH -> 69:-OH group; must always be at],0.00033312551978985854,0.0
ln_gamma_water,a[13:ether CH3O- -> 3:Aromatic Hydrocarbon ACH],1.6327121661076934e-06,0.0
ln_gamma_water,a[13:ether CH3O- -> 68:CH3 alkyl attached to OH (wh],7.81385361306117e-07,0.0
ln_gamma_water,a[68:CH3 alkyl attached to OH (wh -> 3:Aromatic Hydrocarbon ACH],8.420472802446707e-07,0.0
ln_gamma_water,a[68:CH3 alkyl attached to OH (wh -> 13:ether CH3O-],5.709470235199551e-06,0.0
ln_gamma_water,a[52:CH1 alkyl attached to OH (wh -> 3:Aromatic Hydrocarbon ACH],6.036979155376508e-07,0.0
ln_gamma_water,a[69:-OH group; must always be at -> 3:Aromatic Hydrocarbon ACH],5.173991710659664e-05,0.0
ln_gamma_water,a[66:? -> 68:CH3 alkyl attached to OH (wh],0.0,0.0
ln_gamma_water,a[68:CH3 alkyl attached to OH (wh -> 66:?],0.0,0.0
ln_gamma_water,a[2:Alkene CH2=CH -> 13:ether CH3O-],8.027687810708862e-07,0.0
ln_gamma_water,a[8:aromatic carbon alcohol ACH -> 13:ether CH3O-],3.5344436993896735e-06,0.0
ln_gamma_water,a[13:ether CH3O- -> 2:Alkene CH2=CH],4.112955401200956e-08,0.0
ln_gamma_water,a[13:ether CH3O- -> 8:aromatic carbon alcohol ACH],7.175161017444666e-06,0.0
ln_gamma_organic,a[1:CHn (alkyl) -> 2:Alkene CH2=CH],8.274235677905383e-06,0.0
ln_gamma_organic,a[1:CHn (alkyl) -> 7:H2O],0.019030359663822605,0.03
ln_gamma_organic,a[1:CHn (alkyl) -> 71:Organonitrate CH2ONO2],0.003460783856013255,0.0075
ln_gamma_organic,a[2:Alkene CH2=CH -> 1:CHn (alkyl)],3.5588634207755317e-06,0.0
ln_gamma_organic,a[2:Alkene CH2=CH -> 7:H2O],0.003932144921355057,0.0025
ln_gamma_organic,a[2:Alkene CH2=CH -> 71:Organonitrate CH2ONO2],1.668852471619563e-27,0.0
ln_gamma_organic,a[7:H2O -> 1:CHn (alkyl)],0.15181620210109048,0.3625
ln_gamma_organic,a[7:H2O -> 2:Alkene CH2=CH],0.007767151995214499,0.0175
ln_gamma_organic,a[7:H2O -> 71:Organonitrate CH2ONO2],0.019494415331218883,0.0575
ln_gamma_organic,a[71:Organonitrate CH2ONO2 -> 1:CHn (alkyl)],0.00025886705055912327,0.0
ln_gamma_organic,a[71:Organonitrate CH2ONO2 -> 2:Alkene CH2=CH],0.00012903097808016336,0.0
ln_gamma_organic,a[71:Organonitrate CH2ONO2 -> 7:H2O],0.020582145389932586,0.055
ln_gamma_organic,a[1:CHn (alkyl) -> 52:CH1 alkyl attached to OH (wh],0.0,0.0
ln_gamma_organic,a[1:CHn (alkyl) -> 69:-OH group; must always be at],0.0040688191120401,0.0025
ln_gamma_organic,a[1:CHn (alkyl) -> 75:Peroxy acyl nitrate C(=O)OON],0.0007834277761920084,0.0
ln_gamma_organic,a[7:H2O -> 52:CH1 alkyl attached to OH (wh],0.00035651289157703244,0.0
ln_gamma_organic,a[7:H2O -> 69:-OH group; must always be at],0.10705978664046302,0.32
ln_gamma_organic,a[7:H2O -> 75:Peroxy acyl nitrate C(=O)OON],0.0021897473837060423,0.0
ln_gamma_organic,a[52:CH1 alkyl attached to OH (wh -> 1:CHn (alkyl)],0.0,0.0
ln_gamma_organic,a[52:CH1 alkyl attached to OH (wh -> 7:H2O],1.6157703740813292e-07,0.0
ln_gamma_organic,a[52:CH1 alkyl attached to OH (wh -> 69:-OH group; must always be at],7.586422108345642e-05,0.0
ln_gamma_organic,a[52:CH1 alkyl attached to OH (wh -> 75:Peroxy acyl nitrate C(=O)OON],8.927067293829934e-07,0.0
ln_gamma_organic,a[69:-OH group; must always be at -> 1:CHn (alkyl)],0.0004189015190825909,0.0
ln_gamma_organic,a[69:-OH group; must always be at -> 7:H2O],0.0618014354032745,0.215
ln_gamma_organic,a[69:-OH group; must always be at -> 52:CH1 alkyl attached to OH (wh],0.00019011587072438705,0.0
ln_gamma_organic,a[69:-OH group; must always be at -> 75:Peroxy acyl nitrate C(=O)OON],0.00011602806900135351,0.0
ln_gamma_organic,a[75:Peroxy acyl nitrate C(=O)OON -> 1:CHn (alkyl)],0.0004997050945013472,0.0
ln_gamma_organic,a[75:Peroxy acyl nitrate C(=O)OON -> 7:H2O],0.017125699234317334,0.065
ln_gamma_organic,a[75:Peroxy acyl nitrate C(=O)OON -> 52:CH1 alkyl attached to OH (wh],9.080764014742822e-07,0.0
ln_gamma_organic,a[75:Peroxy acyl nitrate C(=O)OON -> 69:-OH group; must always be at],0.002077664860144616,0.0075
ln_gamma_organic,a[2:Alkene CH2=CH -> 10:aldehyde -CH(=O)],0.00018200206666718833,0.0
ln_gamma_organic,a[2:Alkene CH2=CH -> 72:Hydroperoxide CH2OOH],3.224383115100964e-05,0.0
ln_gamma_organic,a[7:H2O -> 10:aldehyde -CH(=O)],0.010706110404452098,0.0325
ln_gamma_organic,a[7:H2O -> 72:Hydroperoxide CH2OOH],0.055763991169627436,0.1625
ln_gamma_organic,a[10:aldehyde -CH(=O) -> 2:Alkene CH2=CH],4.4820827963765595e-07,0.0
ln_gamma_organic,a[10:aldehyde -CH(=O) -> 7:H2O],0.01869450412101764,0.055
ln_gamma_organic,a[10:aldehyde -CH(=O) -> 72:Hydroperoxide CH2OOH],0.00941718969677118,0.04
ln_gamma_organic,a[72:Hydroperoxide CH2OOH -> 2:Alkene CH2=CH],2.524368254182495e-06,0.0
ln_gamma_organic,a[72:Hydroperoxide CH2OOH -> 7:H2O],0.0033268111091603685,0.0
ln_gamma_organic,a[72:Hydroperoxide CH2OOH -> 10:aldehyde -CH(=O)],0.0006843918226128059,0.0
ln_gamma_organic,a[1:CHn (alkyl) -> 68:CH3 alkyl attached to OH (wh],0.0,0.0
ln_gamma_organic,a[1:CHn (alkyl) -> 73:Peroxy Acid C(=O)OOH],0.00026991156471947356,0.0
ln_gamma_organic,a[7:H2O -> 68:CH3 alkyl attached to OH (wh],0.0007648276057217681,0.0
ln_gamma_organic,a[7:H2O -> 73:Peroxy Acid C(=O)OOH],0.05108904959229728,0.1
ln_gamma_organic,a[68:CH3 alkyl attached to OH (wh -> 1:CHn (alkyl)],0.0,0.0
ln_gamma_organic,a[68:CH3 alkyl attached to OH (wh -> 7:H2O],4.716235530092092e-07,0.0
ln_gamma_organic,a[68:CH3 alkyl attached to OH (wh -> 69:-OH group; must always be at],0.00021304078596521406,0.0
ln_gamma_organic,a[68:CH3 alkyl attached to OH (wh -> 73:Peroxy Acid C(=O)OOH],2.5533055305083508e-06,0.0
ln_gamma_organic,a[69:-OH group; must always be at -> 68:CH3 alkyl attached to OH (wh],0.00020465603825620387,0.0
ln_gamma_organic,a[69:-OH group; must always be at -> 73:Peroxy Acid C(=O)OOH],2.1499885750052778e-06,0.0
ln_gamma_organic,a[73:Peroxy Acid C(=O)OOH -> 1:CHn (alkyl)],2.1748705741272496e-16,0.0
ln_gamma_organic,a[73:Peroxy Acid C(=O)OOH -> 7:H2O],0.0022436782347896762,0.0
ln_gamma_organic,a[73:Peroxy Acid C(=O)OOH -> 68:CH3 alkyl attached to OH (wh],7.663349976018083e-18,0.0
ln_gamma_organic,a[73:Peroxy Acid C(=O)OOH -> 69:-OH group; must always be at],0.002806864091383716,0.0125
ln_gamma_organic,a[1:CHn (alkyl) -> 72:Hydroperoxide CH2OOH],0.00047766040700864774,0.0
ln_gamma_organic,a[1:CHn (alkyl) -> 74:peroxide CH3OOCH3],2.536196233273341e-05,0.0
ln_gamma_organic,a[2:Alkene CH2=CH -> 52:CH1 alkyl attached to OH (wh],8.660555588535502e-08,0.0
ln_gamma_organic,a[2:Alkene CH2=CH -> 69:-OH group; must always be at],0.000435716785049012,0.0
ln_gamma_organic,a[2:Alkene CH2=CH -> 74:peroxide CH3OOCH3],1.408134801283299e-06,0.0
ln_gamma_organic,a[7:H2O -> 74:peroxide CH3OOCH3],1.0117774448309744e-06,0.0
ln_gamma_organic,a[52:CH1 alkyl attached to OH (wh -> 2:Alkene CH2=CH],7.317957496360804e-08,0.0
ln_gamma_organic,a[52:CH1 alkyl attached to OH (wh -> 72:Hydroperoxide CH2OOH],1.7110120202149149e-07,0.0
ln_gamma_organic,a[52:CH1 alkyl attached to OH (wh -> 74:peroxide CH3OOCH3],1.4735264226061005e-07,0.0
ln_gamma_organic,a[69:-OH group; must always be at -> 2:Alkene CH2=CH],7.2992360151416224e-06,0.0
ln_gamma_organic,a[69:-OH group; must always be at -> 72:Hydroperoxide CH2OOH],0.00394737549925162,0.0175
ln_gamma_organic,a[69:-OH group; must always be at -> 74:peroxide CH3OOCH3],2.373204819832057e-05,0.0
ln_gamma_organic,a[72:Hydroperoxide CH2OOH -> 1:CHn (alkyl)],6.2133952567786836e-06,0.0
ln_gamma_organic,a[72:Hydroperoxide CH2OOH -> 52:CH1 alkyl attached to OH (wh],5.7753453533582095e-08,0.0
ln_gamma_organic,a[72:Hydroperoxide CH2OOH -> 69:-OH group; must always be at],0.0006306573355959432,0.0
ln_gamma_organic,a[72:Hydroperoxide CH2OOH -> 74:peroxide CH3OOCH3],0.0004786996711766117,0.0
ln_gamma_organic,a[74:peroxide CH3OOCH3 -> 1:CHn (alkyl)],4.265278784557562e-05,0.0
ln_gamma_organic,a[74:peroxide CH3OOCH3 -> 2:Alkene CH2=CH],9.573090029842894e-06,0.0
ln_gamma_organic,a[74:peroxide CH3OOCH3 -> 7:H2O],0.0005868860673116438,0.0
ln_gamma_organic,a[74:peroxide CH3OOCH3 -> 52:CH1 alkyl attached to OH (wh],7.672105633295422e-07,0.0
ln_gamma_organic,a[74:peroxide CH3OOCH3 -> 69:-OH group; must always be at],0.00011184036194611342,0.0
ln_gamma_organic,a[74:peroxide CH3OOCH3 -> 72:Hydroperoxide CH2OOH],6.065709040320679e-07,0.0
ln_gamma_organic,a[1:CHn (alkyl) -> 20:Formic acid HC(=O)OH],0.00302911448582978,0.005
ln_gamma_organic,a[7:H2O -> 20:Formic acid HC(=O)OH],0.004538433634974303,0.01
ln_gamma_organic,a[20:Formic acid HC(=O)OH -> 1:CHn (alkyl)],0.0002113951197517283,0.0
ln_gamma_organic,a[20:Formic acid HC(=O)OH -> 7:H2O],0.026635826700526652,0.095
ln_gamma_organic,a[20:Formic acid HC(=O)OH -> 68:CH3 alkyl attached to OH (wh],4.845270683945775e-06,0.0
ln_gamma_organic,a[20:Formic acid HC(=O)OH -> 52:CH1 alkyl attached to OH (wh],4.886568780008701e-06,0.0
ln_gamma_organic,a[20:Formic acid HC(=O)OH -> 69:-OH group; must always be at],0.0016237874610391212,0.0
ln_gamma_organic,a[20:Formic acid HC(=O)OH -> 71:Organonitrate CH2ONO2],0.00020324071183950082,0.0
ln_gamma_organic,a[68:CH3 alkyl attached to OH (wh -> 20:Formic acid HC(=O)OH],1.4990514677737146e-05,0.0
ln_gamma_organic,a[68:CH3 alkyl attached to OH (wh -> 52:CH1 alkyl attached to OH (wh],0.0,0.0
ln_gamma_organic,a[68:CH3 alkyl attached to OH (wh -> 71:Organonitrate CH2ONO2],1.6256613078395108e-06,0.0
ln_gamma_organic,a[52:CH1 alkyl attached to OH (wh -> 20:Formic acid HC(=O)OH],1.0239322186090557e-05,0.0
ln_gamma_organic,a[52:CH1 alkyl attached to OH (wh -> 68:CH3 alkyl attached to OH (wh],0.0,0.0
ln_gamma_organic,a[52:CH1 alkyl attached to OH (wh -> 71:Organonitrate CH2ONO2],8.865473060632764e-06,0.0
ln_gamma_organic,a[69:-OH group; must always be at -> 20:Formic acid HC(=O)OH],0.0009643386067474186,0.0
ln_gamma_organic,a[69:-OH group; must always be at -> 71:Organonitrate CH2ONO2],4.447471673118319e-05,0.0
ln_gamma_organic,a[71:Organonitrate CH2ONO2 -> 20:Formic acid HC(=O)OH],0.0004291985295642047,0.0
ln_gamma_organic,a[71:Organonitrate CH2ONO2 -> 68:CH3 alkyl attached to OH (wh],4.949637216909037e-06,0.0
ln_gamma_organic,a[71:Organonitrate CH2ONO2 -> 52:CH1 alkyl attached to OH (wh],7.07559093637952e-06,0.0
ln_gamma_organic,a[71:Organonitrate CH2ONO2 -> 69:-OH group; must always be at],0.0016469336224069647,0.0
ln_gamma_organic,a[1:CHn (alkyl) -> 13:ether CH3O-],4.719014884884442e-05,0.0
ln_gamma_organic,a[7:H2O -> 13:ether CH3O-],0.0027762770249109936,0.0075
ln_gamma_organic,a[13:ether CH3O- -> 1:CHn (alkyl)],2.3526061862178884e-05,0.0
ln_gamma_organic,a[13:ether CH3O- -> 7:H2O],0.07104599486891397,0.145
ln_gamma_organic,a[13:ether CH3O- -> 71:Organonitrate CH2ONO2],1.3380065464248188e-06,0.0
ln_gamma_organic,a[71:Organonitrate CH2ONO2 -> 13:ether CH3O-],1.7798185327421535e-05,0.0
ln_gamma_organic,a[1:CHn (alkyl) -> 9:ketone CH3C(=O)],0.006633866845949334,0.015
ln_gamma_organic,a[1:CHn (alkyl) -> 10:aldehyde -CH(=O)],0.0025271281749966222,0.0075
ln_gamma_organic,a[7:H2O -> 9:ketone CH3C(=O)],0.08295220637276991,0.2925
ln_gamma_organic,a[9:ketone CH3C(=O) -> 1:CHn (alkyl)],2.7355645330180655e-05,0.0
ln_gamma_organic,a[9:ketone CH3C(=O) -> 7:H2O],0.03554121077813369,0.135
ln_gamma_organic,a[9:ketone CH3C(=O) -> 10:aldehyde -CH(=O)],5.136430321401342e-05,0.0
ln_gamma_organic,a[10:aldehyde -CH(=O) -> 1:CHn (alkyl)],0.00022617867633948477,0.0
ln_gamma_organic,a[10:aldehyde -CH(=O) -> 9:ketone CH3C(=O)],0.0005247296240707864,0.0
ln_gamma_organic,a[2:Alkene CH2=CH -> 20:Formic acid HC(=O)OH],0.0014839914944557138,0.005
ln_gamma_organic,a[20:Formic acid HC(=O)OH -> 2:Alkene CH2=CH],7.897776506733946e-06,0.0
ln_gamma_organic,a[9:ketone CH3C(=O) -> 68:CH3 alkyl attached to OH (wh],4.043340390255842e-07,0.0
ln_gamma_organic,a[9:ketone CH3C(=O) -> 52:CH1 alkyl attached to OH (wh],7.655889439508769e-07,0.0
ln_gamma_organic,a[9:ketone CH3C(=O) -> 69:-OH group; must always be at],0.0023498790549713227,0.0
ln_gamma_organic,a[68:CH3 alkyl attached to OH (wh -> 9:ketone CH3C(=O)],2.3783977247093004e-05,0.0
ln_gamma_organic,a[52:CH1 alkyl attached to OH (wh -> 9:ketone CH3C(=O)],2.264825588097909e-05,0.0
ln_gamma_organic,a[69:-OH group; must always be at -> 9:ketone CH3C(=O)],0.0004198145327933035,0.0
ln_gamma_organic,a[9:ketone CH3C(=O) -> 20:Formic acid HC(=O)OH],0.0014230463640311818,0.0
ln_gamma_organic,a[20:Formic acid HC(=O)OH -> 9:ketone CH3C(=O)],0.005979490482662542,0.0375
ln_gamma_organic,a[10:aldehyde -CH(=O) -> 13:ether CH3O-],9.722046691144648e-06,0.0
ln_gamma_organic,a[13:ether CH3O- -> 10:aldehyde -CH(=O)],2.972189648876438e-07,0.0
ln_gamma_organic,a[13:ether CH3O- -> 72:Hydroperoxide CH2OOH],0.0005163864047662756,0.0
ln_gamma_organic,a[72:Hydroperoxide CH2OOH -> 13:ether CH3O-],6.495194440674454e-06,0.0
ln_gamma_organic,a[9:ketone CH3C(=O) -> 72:Hydroperoxide CH2OOH],0.010474491210286865,0.0475
ln_gamma_organic,a[72:Hydroperoxide CH2OOH -> 9:ketone CH3C(=O)],0.0015587774001543848,0.0
ln_gamma_organic,a[9:ketone CH3C(=O) -> 13:ether CH3O-],4.7160619435587976e-07,0.0
ln_gamma_organic,a[9:ketone CH3C(=O) -> 71:Organonitrate CH2ONO2],0.0009680605988473123,0.0
ln_gamma_organic,a[10:aldehyde -CH(=O) -> 52:CH1 alkyl attached to OH (wh],5.3399040764587305e-06,0.0
ln_gamma_organic,a[10:aldehyde -CH(=O) -> 69:-OH group; must always be at],0.0012844160847663888,0.0
ln_gamma_organic,a[10:aldehyde -CH(=O) -> 71:Organonitrate CH2ONO2],0.0010638612510168951,0.005
ln_gamma_organic,a[13:ether CH3O- -> 9:ketone CH3C(=O)],9.915761159598928e-06,0.0
ln_gamma_organic,a[13:ether CH3O- -> 52:CH1 alkyl attached to OH (wh],2.5128346640826487e-06,0.0
ln_gamma_organic,a[13:ether CH3O- -> 69:-OH group; must always be at],0.0006850046951553251,0.0
ln_gamma_organic,a[52:CH1 alkyl attached to OH (wh -> 10:aldehyde -CH(=O)],5.989913170785737e-07,0.0
ln_gamma_organic,a[52:CH1 alkyl attached to OH (wh -> 13:ether CH3O-],4.38025412112473e-07,0.0
ln_gamma_organic,a[69:-OH group; must always be at -> 10:aldehyde -CH(=O)],0.001247712863794702,0.0
ln_gamma_organic,a[69:-OH group; must always be at -> 13:ether CH3O-],9.049456501109352e-07,0.0
ln_gamma_organic,a[71:Organonitrate CH2ONO2 -> 9:ketone CH3C(=O)],0.0004941401287204242,0.0
ln_gamma_organic,a[71:Organonitrate CH2ONO2 -> 10:aldehyde -CH(=O)],0.002124236502126861,0.0075
ln_gamma_organic,a[1:CHn (alkyl) -> 11:ester CH3COO],0.001380702470710277,0.0025
ln_gamma_organic,a[7:H2O -> 11:ester CH3COO],0.0017522640148977366,0.0
ln_gamma_organic,a[11:ester CH3COO -> 1:CHn (alkyl)],0.00025101826376242855,0.0
ln_gamma_organic,a[11:ester CH3COO -> 7:H2O],0.013671818411291678,0.04
ln_gamma_organic,a[11:ester CH3COO -> 52:CH1 alkyl attached to OH (wh],7.681763780069051e-07,0.0
ln_gamma_organic,a[11:ester CH3COO -> 69:-OH group; must always be at],0.0016135309391423175,0.0025
ln_gamma_organic,a[52:CH1 alkyl attached to OH (wh -> 11:ester CH3COO],1.7380935929681017e-06,0.0
ln_gamma_organic,a[69:-OH group; must always be at -> 11:ester CH3COO],6.0872405369046506e-05,0.0
ln_gamma_organic,a[1:CHn (alkyl) -> 3:Aromatic Hydrocarbon ACH],5.30497242435614e-05,0.0
ln_gamma_organic,a[1:CHn (alkyl) -> 8:aromatic carbon alcohol ACH],1.1247084706697497e-05,0.0
ln_gamma_organic,a[1:CHn (alkyl) -> 27:aromatic nitro group ACNO2],2.381259774666993e-06,0.0
ln_gamma_organic,a[3:Aromatic Hydrocarbon ACH -> 1:CHn (alkyl)],2.7871592594211866e-06,0.0
ln_gamma_organic,a[3:Aromatic Hydrocarbon ACH -> 7:H2O],0.011213104181246651,0.0225
ln_gamma_organic,a[3:Aromatic Hydrocarbon ACH -> 8:aromatic carbon alcohol ACH],5.952415250612853e-06,0.0
ln_gamma_organic,a[3:Aromatic Hydrocarbon ACH -> 27:aromatic nitro group ACNO2],1.1679182764131726e-06,0.0
ln_gamma_organic,a[7:H2O -> 3:Aromatic Hydrocarbon ACH],0.01717541780501426,0.0375
ln_gamma_organic,a[7:H2O -> 8:aromatic carbon alcohol ACH],0.000668597023097961,0.0
ln_gamma_organic,a[7:H2O -> 27:aromatic nitro group ACNO2],0.00011122560392047855,0.0
ln_gamma_organic,a[8:aromatic carbon alcohol ACH -> 1:CHn (alkyl)],2.7647706085770885e-06,0.0
ln_gamma_organic,a[8:aromatic carbon alcohol ACH -> 3:Aromatic Hydrocarbon ACH],5.8770459749072595e-08,0.0
ln_gamma_organic,a[8:aromatic carbon alcohol ACH -> 7:H2O],0.04626128492623234,0.05
ln_gamma_organic,a[8:aromatic carbon alcohol ACH -> 27:aromatic nitro group ACNO2],0.0,0.0
ln_gamma_organic,a[27:aromatic nitro group ACNO2 -> 1:CHn (alkyl)],1.1483435163554268e-17,0.0
ln_gamma_organic,a[27:aromatic nitro group ACNO2 -> 3:Aromatic Hydrocarbon ACH],1.8788325158807752e-09,0.0
ln_gamma_organic,a[27:aromatic nitro group ACNO2 -> 7:H2O],1.8869143061281353e-05,0.0
ln_gamma_organic,a[27:aromatic nitro group ACNO2 -> 8:aromatic carbon alcohol ACH],0.0,0.0
ln_gamma_organic,a[52:CH1 alkyl attached to OH (wh -> 73:Peroxy Acid C(=O)OOH],3.3095964308327564e-07,0.0
ln_gamma_organic,a[73:Peroxy Acid C(=O)OOH -> 52:CH1 alkyl attached to OH (wh],1.8740059284008971e-19,0.0
ln_gamma_organic,a[13:ether CH3O- -> 20:Formic acid HC(=O)OH],4.6379860324311836e-05,0.0
ln_gamma_organic,a[20:Formic acid HC(=O)OH -> 13:ether CH3O-],1.0574857338423332e-05,0.0
ln_gamma_organic,a[2:Alkene CH2=CH -> 9:ketone CH3C(=O)],8.698044097295255e-05,0.0
ln_gamma_organic,a[9:ketone CH3C(=O) -> 2:Alkene CH2=CH],1.1085763386055777e-06,0.0
ln_gamma_organic,a[7:H2O -> 67:?],0.019196807295068095,0.035
ln_gamma_organic,a[67:? -> 7:H2O],0.0015723538426178948,0.0025
ln_gamma_organic,a[67:? -> 68:CH3 alkyl attached to OH (wh],0.0,0.0
ln_gamma_organic,a[67:? -> 69:-OH group; must always be at],0.004175894610890698,0.0125
ln_gamma_organic,a[68:CH3 alkyl attached to OH (wh -> 67:?],0.0,0.0
ln_gamma_organic,a[69:-OH group; must always be at -> 67:?],0.00015047848560879502,0.0
ln_gamma_organic,a[10:aldehyde -CH(=O) -> 20:Formic acid HC(=O)OH],0.00042072627425533004,0.0
ln_gamma_organic,a[20:Formic acid HC(=O)OH -> 10:aldehyde -CH(=O)],2.8045750928946998e-05,0.0
ln_gamma_organic,a[13:ether CH3O- -> 73:Peroxy Acid C(=O)OOH],8.066156170556187e-08,0.0
ln_gamma_organic,a[73:Peroxy Acid C(=O)OOH -> 13:ether CH3O-],7.077168104022282e-05,0.0
ln_gamma_organic,a[10:aldehyde -CH(=O) -> 68:CH3 alkyl attached to OH (wh],1.172209862255086e-05,0.0
ln_gamma_organic,a[68:CH3 alkyl attached to OH (wh -> 10:aldehyde -CH(=O)],4.67297811850352e-06,0.0
ln_gamma_organic,a[10:aldehyde -CH(=O) -> 11:ester CH3COO],0.00024552748168085443,0.0
ln_gamma_organic,a[11:ester CH3COO -> 10:aldehyde -CH(=O)],0.0008710905389726299,0.0
ln_gamma_organic,a[9:ketone CH3C(=O) -> 73:Peroxy Acid C(=O)OOH],0.0013558748864631776,0.0
ln_gamma_organic,a[73:Peroxy Acid C(=O)OOH -> 9:ketone CH3C(=O)],0.00035672421850304156,0.0
ln_gamma_organic,a[71:Organonitrate CH2ONO2 -> 75:Peroxy acyl nitrate C(=O)OON],0.00129556833207209,0.0075
ln_gamma_organic,a[75:Peroxy acyl nitrate C(=O)OON -> 71:Organonitrate CH2ONO2],0.0005241859025084481,0.0
ln_gamma_organic,a[9:ketone CH3C(=O) -> 75:Peroxy acyl nitrate C(=O)OON],4.2611409867331246e-07,0.0
ln_gamma_organic,a[75:Peroxy acyl nitrate C(=O)OON -> 9:ketone CH3C(=O)],0.0005682814591712529,0.0
ln_gamma_organic,a[3:Aromatic Hydrocarbon ACH -> 10:aldehyde -CH(=O)],0.0006771347253106903,0.0
ln_gamma_organic,a[3:Aromatic Hydrocarbon ACH -> 72:Hydroperoxide CH2OOH],1.1436407054498066e-05,0.0
ln_gamma_organic,a[10:aldehyde -CH(=O) -> 3:Aromatic Hydrocarbon ACH],3.0596949058787224e-07,0.0
ln_gamma_organic,a[72:Hydroperoxide CH2OOH -> 3:Aromatic Hydrocarbon ACH],5.811990523294594e-07,0.0
ln_gamma_organic,a[20:Formic acid HC(=O)OH -> 73:Peroxy Acid C(=O)OOH],0.0065017970677844076,0.0125
ln_gamma_organic,a[73:Peroxy Acid C(=O)OOH -> 20:Formic acid HC(=O)OH],8.120248513048589e-07,0.0
ln_gamma_organic,a[71:Organonitrate CH2ONO2 -> 74:peroxide CH3OOCH3],0.00034277330661264466,0.0
ln_gamma_organic,a[74:peroxide CH3OOCH3 -> 71:Organonitrate CH2ONO2],7.299778121837018e-06,0.0
ln_gamma_organic,a[2:Alkene CH2=CH -> 73:Peroxy Acid C(=O)OOH],3.187390070229825e-05,0.0
ln_gamma_organic,a[73:Peroxy Acid C(=O)OOH -> 2:Alkene CH2=CH],5.886535032042991e-07,0.0
ln_gamma_organic,a[11:ester CH3COO -> 72:Hydroperoxide CH2OOH],0.00017128939384470612,0.0
ln_gamma_organic,a[72:Hydroperoxide CH2OOH -> 11:ester CH3COO],0.0010498297918758242,0.005
ln_gamma_organic,a[2:Alkene CH2=CH -> 75:Peroxy acyl nitrate C(=O)OON],3.9267382424870664e-06,0.0
ln_gamma_organic,a[75:Peroxy acyl nitrate C(=O)OON -> 2:Alkene CH2=CH],7.627930451128099e-07,0.0
ln_gamma_organic,a[3:Aromatic Hydrocarbon ACH -> 2:Alkene CH2=CH],3.1681784022044176e-10,0.0
ln_gamma_organic,a[8:aromatic carbon alcohol ACH -> 2:Alkene CH2=CH],6.439255985358925e-08,0.0
ln_gamma_organic,a[2:Alkene CH2=CH -> 3:Aromatic Hydrocarbon ACH],4.834570033047872e-08,0.0
ln_gamma_organic,a[2:Alkene CH2=CH -> 8:aromatic carbon alcohol ACH],2.7028802798976484e-06,0.0
ln_gamma_organic,a[11:ester CH3COO -> 68:CH3 alkyl attached to OH (wh],9.460587581069797e-06,0.0
ln_gamma_organic,a[68:CH3 alkyl attached to OH (wh -> 11:ester CH3COO],1.742808519805663e-05,0.0
ln_gamma_organic,a[67:? -> 52:CH1 alkyl attached to OH (wh],0.0,0.0
ln_gamma_organic,a[52:CH1 alkyl attached to OH (wh -> 67:?],0.0,0.0
ln_gamma_organic,a[7:H2O -> 66:?],0.0001358566126872368,0.0
ln_gamma_organic,a[66:? -> 7:H2O],3.0504588549815103e-06,0.0
ln_gamma_organic,a[66:? -> 67:?],0.0,0.0
ln_gamma_organic,a[66:? -> 52:CH1 alkyl attached to OH (wh],0.0,0.0
ln_gamma_organic,a[66:? -> 69:-OH group; must always be at],0.0001510534769721234,0.0
ln_gamma_organic,a[67:? -> 66:?],0.0,0.0
ln_gamma_organic,a[52:CH1 alkyl attached to OH (wh -> 66:?],0.0,0.0
ln_gamma_organic,a[69:-OH group; must always be at -> 66:?],6.727616311608344e-05,0.0
ln_gamma_organic,a[3:Aromatic Hydrocarbon ACH -> 13:ether CH3O-],1.0273015183051555e-07,0.0
ln_gamma_organic,a[3:Aromatic Hydrocarbon ACH -> 68:CH3 alkyl attached to OH (wh],4.339367086013898e-08,0.0
ln_gamma_organic,a[3:Aromatic Hydrocarbon ACH -> 52:CH1 alkyl attached to OH (wh],5.1886104575038676e-08,0.0
ln_gamma_organic,a[3:Aromatic Hydrocarbon ACH -> 69:-OH group; must always be at],0.001421647028998932,0.0075
ln_gamma_organic,a[13:ether CH3O- -> 3:Aromatic Hydrocarbon ACH],4.1151710199457983e-07,0.0
ln_gamma_organic,a[13:ether CH3O- -> 68:CH3 alkyl attached to OH (wh],1.1427172423766052e-06,0.0
ln_gamma_organic,a[68:CH3 alkyl attached to OH (wh -> 3:Aromatic Hydrocarbon ACH],1.8381184224384555e-07,0.0
ln_gamma_organic,a[68:CH3 alkyl attached to OH (wh -> 13:ether CH3O-],5.982742830680838e-07,0.0
ln_gamma_organic,a[52:CH1 alkyl attached to OH (wh -> 3:Aromatic Hydrocarbon ACH],2.150641012933063e-07,0.0
ln_gamma_organic,a[69:-OH group; must always be at -> 3:Aromatic Hydrocarbon ACH],1.5507839770003504e-05,0.0
ln_gamma_organic,a[66:? -> 68:CH3 alkyl attached to OH (wh],0.0,0.0
ln_gamma_organic,a[68:CH3 alkyl attached to OH (wh -> 66:?],0.0,0.0
ln_gamma_organic,a[2:Alkene CH2=CH -> 13:ether CH3O-],1.0927555182053441e-07,0.0
ln_gamma_organic,a[8:aromatic carbon alcohol ACH -> 13:ether CH3O-],4.998727016416593e-07,0.0
ln_gamma_organic,a[13:ether CH3O- -> 2:Alkene CH2=CH],7.764438010866579e-09,0.0
ln_gamma_organic,a[13:ether CH3O- -> 8:aromatic carbon alcohol ACH],8.779804881942398e-06,0.0
