model,n,seed,MCM org,MCM w,BIMOG org,BIMOG w
R_desc MLP,400,0,0.16745411,0.022357143,1.5389723,0.10928213
GNN,400,0,0.20751385,0.028688876,1.6350343,0.13282801
R_desc MLP,2855,0,0.09655906,0.012587703,1.4043752,0.09066135
GNN,2855,0,0.087215595,0.012860605,1.3499874,0.1361569
R_desc MLP,400,1,0.1567852,0.018903088,1.5359918,0.10516402
GNN,400,1,0.19275895,0.027396748,1.5532467,0.12285062
R_desc MLP,2855,1,0.098673,0.012538698,1.173131,0.067679435
GNN,2855,1,0.08798557,0.014784771,1.431967,0.10408799
R_desc MLP,400,2,0.17067602,0.021711376,1.606913,0.09784488
GNN,400,2,0.20094223,0.03024391,2.008075,0.14628263
R_desc MLP,2855,2,0.0978402,0.013396954,1.2023168,0.06580055
GNN,2855,2,0.08404931,0.010993548,1.1930242,0.11356509
