pool,rep,seed,gen_w,gen_org
CHO,R_count,0,0.04792155,0.4903682
CHO,R_count,1,0.057015233,0.57001936
CHO,R_count,2,0.0494737,0.52960193
CHO,R_count,3,0.036557022,0.39864516
CHO,R_count,4,0.053104494,0.48088685
CHO,R_count',0,0.031675223,0.22761649
CHO,R_count',1,0.029219642,0.22728692
CHO,R_count',2,0.030983804,0.24354133
CHO,R_count',3,0.029852988,0.22734761
CHO,R_count',4,0.03159216,0.29898852
CHO,R_desc,0,0.02417082,0.2517241
CHO,R_desc,1,0.018615346,0.23977435
CHO,R_desc,2,0.023689246,0.2708784
CHO,R_desc,3,0.01974807,0.24012962
CHO,R_desc,4,0.022794675,0.22832866
CHO,R_emb,0,0.022843597,0.16978614
CHO,R_emb,1,0.02203263,0.24297619
CHO,R_emb,2,0.01964265,0.15898181
CHO,R_emb,3,0.02438358,0.16072205
CHO,R_emb,4,0.021454338,0.17262344
BIMOG,R_count,0,0.034843426,0.3745799
BIMOG,R_count,1,0.030309701,0.42027146
BIMOG,R_count,2,0.0332556,0.37347144
BIMOG,R_count,3,0.024599055,0.36164686
BIMOG,R_count,4,0.0393972,0.39221397
BIMOG,R_count',0,0.029853122,0.27245292
BIMOG,R_count',1,0.024279397,0.25682572
BIMOG,R_count',2,0.024852505,0.24120557
BIMOG,R_count',3,0.025139593,0.23516017
BIMOG,R_count',4,0.025810333,0.22808035
BIMOG,R_desc,0,0.025535341,0.29439735
BIMOG,R_desc,1,0.02423858,0.2963929
BIMOG,R_desc,2,0.027484627,0.3401444
BIMOG,R_desc,3,0.023429153,0.3090269
BIMOG,R_desc,4,0.024574986,0.33282807
BIMOG,R_emb,0,0.014263825,0.15439287
BIMOG,R_emb,1,0.016251432,0.16047758
BIMOG,R_emb,2,0.01362273,0.13090926
BIMOG,R_emb,3,0.016371394,0.1294734
BIMOG,R_emb,4,0.014137412,0.16104734
