,AIOMFAC-free interp,AIOMFAC-free gen,direct interp,direct gen,gex interp,gex gen
ln_gamma_H2O,0.00014511625742432148,1.4249468702899241e-15,0.002844794817237518,0.006150307709707788,0.00042918097036438697,0.000977073946502416
ln_gamma_Na+,0.004773390173697841,,0.03024049669343184,,0.018669537713991623,
ln_gamma_K+,0.0008123118098652949,4.051446678143833e-17,0.03419124133529472,0.09443442875725885,0.0164457181672413,0.06990466974459547
ln_gamma_NH4+,0.010609055174930562,2.1965145684245411e-13,0.04092768341925417,0.026741813833853663,0.023196628190882296,0.005138650828848696
ln_gamma_Ca2+,0.007475810443731477,8.529501891110578e-17,0.09174113925548999,0.2902445035086702,0.044667088826160786,0.05955117532721799
ln_gamma_H+,0.0034496515030941195,3.980866542099701e-13,0.045111512241908146,0.043324639728931955,0.01864770065263446,0.01992686637588943
ln_gamma_Cl-,2.6357520406820642e-05,,0.025816557819084575,,0.016342321535202278,
ln_gamma_NO3-,0.0028022095861513475,,0.033819045296003866,,0.010272095949349224,
ln_gamma_SO4--,0.0032713650398288902,2.6653987389396766e-13,0.06480653412194237,0.10622152072683413,0.031761516010860566,0.016678900974252186
ln_gamma_HSO4-,0.0010738355613362576,2.151847986414152e-13,0.04868927741893043,0.06082429093995454,0.018051227349467243,0.018458238065167637
ln_gamma_HCO3-,0.012397313829057973,,0.045019188067095886,,0.019729600561648856,
ln_gamma_CO3--,0.02153132140575294,2.1083562246487347e-16,0.23327161699425294,0.3859283997646008,0.07163354207936198,0.07124445428546611
ln_gamma_IO3-,0.0011008094925615477,5.217180854000247e-17,0.04161472170140904,0.04277732752549092,0.0336625755693996,0.07385551457070993
ln_gamma_I-,0.005322965176587061,,0.0355848131470928,,0.01590339300731532,
ln_gamma_OH-,0.005903690664332602,,0.03700696671895043,,0.02253136354321727,
