model,seed,split,pooled,species_mean,median,converged
direct,0,interp,0.04954403661848269,0.05882461253221844,0.018442647748086016,1.0
direct,0,gen,0.09150870332570843,0.11579782112425516,0.02913042608337353,1.0
direct,1,interp,0.05187307303496393,0.05982672072606631,0.020167464044026084,1.0
direct,1,gen,0.10465482626414134,0.13177276896358114,0.03143627661814252,1.0
direct,2,interp,0.04135538677645144,0.04763468739409542,0.014706426640894665,1.0
direct,2,gen,0.05970023798907679,0.07390080493821682,0.02228454977281054,0.9952718676122931
direct,3,interp,0.048876897284903076,0.0545244363656912,0.019215372490443472,1.0
direct,3,gen,0.11011021208983496,0.13957464552673948,0.0224610165683386,1.0
direct,4,interp,0.044034731104796096,0.0494180726643882,0.018471207754436114,1.0
direct,4,gen,0.10024105234722953,0.12598019972237562,0.026879138859031176,1.0
gex,0,interp,0.02066335653178662,0.022852441492952756,0.004255202308904811,1.0
gex,0,gen,0.03294934807941555,0.04108469957520214,0.0020341585791842087,1.0
gex,1,interp,0.022315668958116524,0.025053874130336832,0.004821749125539357,1.0
gex,1,gen,0.027579127849442747,0.033200136746674526,0.0021804918605660226,1.0
gex,2,interp,0.02048167197568294,0.02271161175329626,0.004920227540853611,1.0
gex,2,gen,0.028598014970387088,0.035058835302135306,0.0021251154933167177,1.0
gex,3,interp,0.02098354555310617,0.024325710426141386,0.004700263723673964,1.0
gex,3,gen,0.03674617201722102,0.0448636718949296,0.002556294155831182,1.0
gex,4,interp,0.022391337414906683,0.025704192239638497,0.005185453960861175,1.0
gex,4,gen,0.027149014315783926,0.032312403213641684,0.001960908642995224,1.0
