model,seed,epochs,mae_lng_ion,mae_lnaw,gd_rel_median,train_s,mae_lng_ion_unseen,mae_lnaw_unseen,gd_rel_median_unseen
direct,0,121,0.0412522181868553,0.0069674882106482,0.0919916927904463,40.51904487609863,0.6306291818618774,0.0706229284405708,0.1219036463719421
direct,1,95,0.0453453473746776,0.0080485520884394,0.0867719214901596,33.104097843170166,0.8224235773086548,0.0912637412548065,0.1119455741817785
direct,2,168,0.0336774177849292,0.0058346400037407,0.0788156800536154,61.283791065216064,0.4339959919452667,0.0337704606354236,0.1061450253555185
direct,3,130,0.0399929322302341,0.0061173662543296,0.0787075772455464,46.043776988983154,0.563822865486145,0.0402596965432167,0.0937649553474721
direct,4,154,0.038419485092163,0.0051757837645709,0.0769451170439737,59.38856220245361,0.4548048079013824,0.0809510573744773,0.1119760301666529
ge,0,308,0.030351610854268,0.0028241202235221,1.228482622359195e-09,454.92475271224976,0.2813072502613067,0.0420462042093277,2.1445634966519048e-09
ge,1,161,0.052837997674942,0.0061170272529125,1.2285618985895006e-09,440.93163895606995,0.3302889764308929,0.0428768284618854,2.103401510497141e-09
ge,2,268,0.0362528786063194,0.00324098020792,1.2446547393017163e-09,798.8533730506897,0.2911364734172821,0.0347530916333198,2.0697872776659573e-09
ge,3,370,0.0324756130576133,0.0028705864679068,1.2302548503599264e-09,1059.1399896144867,0.2954476773738861,0.0398069284856319,2.0836894449784033e-09
ge,4,317,0.0325850881636142,0.0034150402061641,1.2433186845673687e-09,712.5957992076874,0.2641266286373138,0.0375977754592895,2.1445123996813076e-09
gex,0,218,0.020109374076128,0.0016847571823745,1.2368868263529501e-09,1006.1847376823424,0.1773455291986465,0.0205456390976905,1.990551272751033e-09
gex,1,132,0.0252195112407207,0.0022448627278208,1.247136338812164e-09,651.8843729496002,0.1390049904584884,0.0183616541326046,2.0513613666519723e-09
gex,2,145,0.0230972748249769,0.0020324059296399,1.2432397109519423e-09,725.3904597759247,0.1445323675870895,0.0181767474859952,2.0059943807122696e-09
gex,3,120,0.0243687164038419,0.0017699600430205,1.2408410708002592e-09,606.9005818367004,0.2004908323287964,0.0251755211502313,2.044932153302972e-09
gex,4,101,0.0261210892349481,0.0020016664639115,1.246076193705931e-09,509.77386808395386,0.2168037742376327,0.0159306731075048,2.05343508906362e-09
