case,point,source,species,truth,pred,abs_err
c005,0,AIOMFAC-free,ln_gamma_H2O,0.0025657387155192672,0.0025571289896777483,8.609725841518968e-06
c005,0,AIOMFAC-free,ln_gamma_Na+,-0.5128074671636331,-0.5181870355223899,0.005379568358756748
c005,0,AIOMFAC-free,ln_gamma_H+,-0.8128490726771344,-0.8208466238099872,0.007997551132852831
c005,0,AIOMFAC-free,ln_gamma_HSO4-,-0.34627478997133215,-0.3427584902126567,0.0035162997586754563
c005,0,AIOMFAC-free,ln_gamma_HCO3-,-0.45102104853964464,-0.4545911142231976,0.0035700656835529476
c005,0,AIOMFAC-free,ln_gamma_SO4--,-1.9189948747326764,-1.9218734064506355,0.002878531717959154
c005,0,AIOMFAC-free,ln_gamma_CO3--,-1.842372141108848,-1.8520284291764992,0.009656288067651175
c005,0,AIOMFAC-free,ln_gamma_OH-,-0.2624020224918974,-0.26908174202217816,0.006679719530280737
c005,0,gex release 0,ln_gamma_H2O,0.0025657387155192672,0.0025711265331973647,5.387817678097467e-06
c005,0,gex release 0,ln_gamma_Na+,-0.5128074671636331,-0.513751725208921,0.0009442580452878602
c005,0,gex release 0,ln_gamma_H+,-0.8128490726771344,-0.8200916356621462,0.007242562985011802
c005,0,gex release 0,ln_gamma_HSO4-,-0.34627478997133215,-0.35520977046165125,0.0089349804903191
c005,0,gex release 0,ln_gamma_HCO3-,-0.45102104853964464,-0.4683616476904545,0.017340599150809877
c005,0,gex release 0,ln_gamma_SO4--,-1.9189948747326764,-1.94611614907204,0.02712127433936362
c005,0,gex release 0,ln_gamma_CO3--,-1.842372141108848,-1.81850457707134,0.023867564037508116
c005,0,gex release 0,ln_gamma_OH-,-0.2624020224918974,-0.3061031924579374,0.043701169966039954
c005,0,gex release 1,ln_gamma_H2O,0.0025657387155192672,0.0026016186713004423,3.587995578117507e-05
c005,0,gex release 1,ln_gamma_Na+,-0.5128074671636331,-0.5099908613628124,0.0028166058008207706
c005,0,gex release 1,ln_gamma_H+,-0.8128490726771344,-0.8251490808798363,0.01230000820270194
c005,0,gex release 1,ln_gamma_HSO4-,-0.34627478997133215,-0.35790098648640944,0.011626196515077292
c005,0,gex release 1,ln_gamma_HCO3-,-0.45102104853964464,-0.45470311960917964,0.003682071069534998
c005,0,gex release 1,ln_gamma_SO4--,-1.9189948747326764,-1.950878542215826,0.031883667483149525
c005,0,gex release 1,ln_gamma_CO3--,-1.842372141108848,-1.8328004061895093,0.009571734919338715
c005,0,gex release 1,ln_gamma_OH-,-0.2624020224918974,-0.2848086380174677,0.022406615525570273
c005,0,gex release 2,ln_gamma_H2O,0.0025657387155192672,0.0025736271520143614,7.888436495094141e-06
c005,0,gex release 2,ln_gamma_Na+,-0.5128074671636331,-0.5198109775864748,0.007003510422841641
c005,0,gex release 2,ln_gamma_H+,-0.8128490726771344,-0.8267265341938173,0.013877461516682899
c005,0,gex release 2,ln_gamma_HSO4-,-0.34627478997133215,-0.3529453267941456,0.006670536822813433
c005,0,gex release 2,ln_gamma_HCO3-,-0.45102104853964464,-0.4450148623553263,0.006006186184318363
c005,0,gex release 2,ln_gamma_SO4--,-1.9189948747326764,-1.9434054152550084,0.024410540522332047
c005,0,gex release 2,ln_gamma_CO3--,-1.842372141108848,-1.8325608349405418,0.009811306168306277
c005,0,gex release 2,ln_gamma_OH-,-0.2624020224918974,-0.30716635646756396,0.04476433397566654
c005,0,gex release 3,ln_gamma_H2O,0.0025657387155192672,0.002575630893778413,9.892178259145786e-06
c005,0,gex release 3,ln_gamma_Na+,-0.5128074671636331,-0.515271233556112,0.0024637663924789166
c005,0,gex release 3,ln_gamma_H+,-0.8128490726771344,-0.8191152346536987,0.006266161976564377
c005,0,gex release 3,ln_gamma_HSO4-,-0.34627478997133215,-0.3525540804802083,0.006279290508876156
c005,0,gex release 3,ln_gamma_HCO3-,-0.45102104853964464,-0.46310195762740214,0.012080909087757497
c005,0,gex release 3,ln_gamma_SO4--,-1.9189948747326764,-1.945601219592096,0.026606344859419595
c005,0,gex release 3,ln_gamma_CO3--,-1.842372141108848,-1.864510302518274,0.022138161409426038
c005,0,gex release 3,ln_gamma_OH-,-0.2624020224918974,-0.32384355107114704,0.061441528579249616
c005,0,gex release 4,ln_gamma_H2O,0.0025657387155192672,0.0025738268858153807,8.088170296113428e-06
c005,0,gex release 4,ln_gamma_Na+,-0.5128074671636331,-0.5117142935503904,0.0010931736132426817
c005,0,gex release 4,ln_gamma_H+,-0.8128490726771344,-0.8100344903132575,0.002814582363876883
c005,0,gex release 4,ln_gamma_HSO4-,-0.34627478997133215,-0.3434627654606732,0.002812024510658928
c005,0,gex release 4,ln_gamma_HCO3-,-0.45102104853964464,-0.46939224581852335,0.018371197278878704
c005,0,gex release 4,ln_gamma_SO4--,-1.9189948747326764,-1.9451586830655447,0.026163808332868355
c005,0,gex release 4,ln_gamma_CO3--,-1.842372141108848,-1.8260804018846097,0.016291739224238322
c005,0,gex release 4,ln_gamma_OH-,-0.2624020224918974,-0.29540782868755944,0.03300580619566201
c005,1,AIOMFAC-free,ln_gamma_H2O,0.00841260099395029,0.008401254164352574,1.1346829597715796e-05
c005,1,AIOMFAC-free,ln_gamma_Na+,-0.7156766532384624,-0.7313264710671681,0.01564981782870567
c005,1,AIOMFAC-free,ln_gamma_H+,-1.1145321545898765,-1.1356938535732477,0.02116169898337117
c005,1,AIOMFAC-free,ln_gamma_HSO4-,-0.3430557358748965,-0.33257827580241167,0.010477460072484845
c005,1,AIOMFAC-free,ln_gamma_HCO3-,-0.5670408593753279,-0.5770071030243111,0.009966243648983242
c005,1,AIOMFAC-free,ln_gamma_SO4--,-2.50568545849261,-2.515675238527383,0.009989780034773244
c005,1,AIOMFAC-free,ln_gamma_CO3--,-2.330924975285531,-2.3576463309396063,0.026721355654075296
c005,1,AIOMFAC-free,ln_gamma_OH-,-0.20486272242581752,-0.22089670230340092,0.0160339798775834
c005,1,gex release 0,ln_gamma_H2O,0.00841260099395029,0.008244315287042003,0.00016828570690828604
c005,1,gex release 0,ln_gamma_Na+,-0.7156766532384624,-0.7236206903481486,0.007944037109686164
c005,1,gex release 0,ln_gamma_H+,-1.1145321545898765,-1.1840320205352346,0.06949986594535806
c005,1,gex release 0,ln_gamma_HSO4-,-0.3430557358748965,-0.34590347801681376,0.002847742141917242
c005,1,gex release 0,ln_gamma_HCO3-,-0.5670408593753279,-0.5934148504087358,0.026373991033407873
c005,1,gex release 0,ln_gamma_SO4--,-2.50568545849261,-2.5159829340040027,0.010297475511392928
c005,1,gex release 0,ln_gamma_CO3--,-2.330924975285531,-2.2865704311543418,0.04435454413118922
c005,1,gex release 0,ln_gamma_OH-,-0.20486272242581752,-0.1980285474604191,0.006834174965398426
c005,1,gex release 1,ln_gamma_H2O,0.00841260099395029,0.008826890082308463,0.0004142890883581732
c005,1,gex release 1,ln_gamma_Na+,-0.7156766532384624,-0.7479544353135172,0.03227778207505483
c005,1,gex release 1,ln_gamma_H+,-1.1145321545898765,-1.1947963581999397,0.08026420361006315
c005,1,gex release 1,ln_gamma_HSO4-,-0.3430557358748965,-0.3383610799693656,0.00469465590553092
c005,1,gex release 1,ln_gamma_HCO3-,-0.5670408593753279,-0.5849083400752924,0.017867480699964466
c005,1,gex release 1,ln_gamma_SO4--,-2.50568545849261,-2.551419465658022,0.045734007165412205
c005,1,gex release 1,ln_gamma_CO3--,-2.330924975285531,-2.3273213897246303,0.0036035855609006795
c005,1,gex release 1,ln_gamma_OH-,-0.20486272242581752,-0.25402513380933955,0.04916241138352204
c005,1,gex release 2,ln_gamma_H2O,0.00841260099395029,0.008251476348349142,0.00016112464560114753
c005,1,gex release 2,ln_gamma_Na+,-0.7156766532384624,-0.7373483872723177,0.02167173403385525
c005,1,gex release 2,ln_gamma_H+,-1.1145321545898765,-1.1891928433090293,0.07466068871915277
c005,1,gex release 2,ln_gamma_HSO4-,-0.3430557358748965,-0.3392131523541868,0.003842583520709708
c005,1,gex release 2,ln_gamma_HCO3-,-0.5670408593753279,-0.557186163283749,0.009854696091578852
c005,1,gex release 2,ln_gamma_SO4--,-2.50568545849261,-2.5012824208906457,0.004403037601964144
c005,1,gex release 2,ln_gamma_CO3--,-2.330924975285531,-2.3331311736733484,0.0022061983878174374
c005,1,gex release 2,ln_gamma_OH-,-0.20486272242581752,-0.2543418798768289,0.04947915745101136
c005,1,gex release 3,ln_gamma_H2O,0.00841260099395029,0.008435661383016796,2.3060389066506537e-05
c005,1,gex release 3,ln_gamma_Na+,-0.7156766532384624,-0.7331571599108084,0.01748050667234602
c005,1,gex release 3,ln_gamma_H+,-1.1145321545898765,-1.1881838108992806,0.07365165630940407
c005,1,gex release 3,ln_gamma_HSO4-,-0.3430557358748965,-0.3386820387251266,0.004373697149769928
c005,1,gex release 3,ln_gamma_HCO3-,-0.5670408593753279,-0.5963973925926345,0.02935653321730658
c005,1,gex release 3,ln_gamma_SO4--,-2.50568545849261,-2.523299688246685,0.01761422975407534
c005,1,gex release 3,ln_gamma_CO3--,-2.330924975285531,-2.4059895081049305,0.07506453281939951
c005,1,gex release 3,ln_gamma_OH-,-0.20486272242581752,-0.2578006188184445,0.052937896392627
c005,1,gex release 4,ln_gamma_H2O,0.00841260099395029,0.008469624638156995,5.702364420670514e-05
c005,1,gex release 4,ln_gamma_Na+,-0.7156766532384624,-0.7325339372917015,0.016857284053239052
c005,1,gex release 4,ln_gamma_H+,-1.1145321545898765,-1.1572133568121878,0.04268120222231131
c005,1,gex release 4,ln_gamma_HSO4-,-0.3430557358748965,-0.3117503371085617,0.03130539876633481
c005,1,gex release 4,ln_gamma_HCO3-,-0.5670408593753279,-0.5989636397773952,0.03192278040206731
c005,1,gex release 4,ln_gamma_SO4--,-2.50568545849261,-2.5248187466511336,0.019133288158523776
c005,1,gex release 4,ln_gamma_CO3--,-2.330924975285531,-2.3240248928055607,0.006900082479970315
c005,1,gex release 4,ln_gamma_OH-,-0.20486272242581752,-0.2334148238315108,0.02855210140569328
c005,2,AIOMFAC-free,ln_gamma_H2O,0.014187714724585139,0.014136897774884437,5.081694970070216e-05
c005,2,AIOMFAC-free,ln_gamma_Na+,-0.8070407236824386,-0.8320352830414445,0.024994559359005852
c005,2,AIOMFAC-free,ln_gamma_H+,-1.1629690511596054,-1.1932124210808497,0.030243369921244323
c005,2,AIOMFAC-free,ln_gamma_HSO4-,-0.2906639310999414,-0.27199477653549337,0.01866915456444801
c005,2,AIOMFAC-free,ln_gamma_HCO3-,-0.6299498399674743,-0.6451142503570085,0.0151644103895342
c005,2,AIOMFAC-free,ln_gamma_SO4--,-2.84794063732743,-2.864329663927237,0.01638902659980701
c005,2,AIOMFAC-free,ln_gamma_CO3--,-2.531449757319469,-2.5701344224702787,0.03868466515080948
c005,2,AIOMFAC-free,ln_gamma_OH-,-0.15129163566938775,-0.17247121133846338,0.021179575669075634
c005,2,gex release 0,ln_gamma_H2O,0.014187714724585139,0.013961365524923622,0.00022634919966151718
c005,2,gex release 0,ln_gamma_Na+,-0.8070407236824386,-0.825222348202648,0.018181624520209327
c005,2,gex release 0,ln_gamma_H+,-1.1629690511596054,-1.2366340217367044,0.07366497057709909
c005,2,gex release 0,ln_gamma_HSO4-,-0.2906639310999414,-0.28650280686006746,0.0041611242398739146
c005,2,gex release 0,ln_gamma_HCO3-,-0.6299498399674743,-0.6730935411173892,0.04314370114991484
c005,2,gex release 0,ln_gamma_SO4--,-2.84794063732743,-2.8587285079987463,0.01078787067131648
c005,2,gex release 0,ln_gamma_CO3--,-2.531449757319469,-2.4979795750065414,0.033470182312927754
c005,2,gex release 0,ln_gamma_OH-,-0.15129163566938775,-0.09650044234224353,0.054791193327144216
c005,2,gex release 1,ln_gamma_H2O,0.014187714724585139,0.014482492203591525,0.0002947774790063862
c005,2,gex release 1,ln_gamma_Na+,-0.8070407236824386,-0.8595980006932811,0.05255727701084245
c005,2,gex release 1,ln_gamma_H+,-1.1629690511596054,-1.2407329102913587,0.07776385913175332
c005,2,gex release 1,ln_gamma_HSO4-,-0.2906639310999414,-0.27934572922866574,0.011318201871275635
c005,2,gex release 1,ln_gamma_HCO3-,-0.6299498399674743,-0.6506590200995013,0.02070918013202694
c005,2,gex release 1,ln_gamma_SO4--,-2.84794063732743,-2.8700710938580034,0.02213045653057355
c005,2,gex release 1,ln_gamma_CO3--,-2.531449757319469,-2.5410265187843573,0.009576761464888062
c005,2,gex release 1,ln_gamma_OH-,-0.15129163566938775,-0.2110199980555736,0.05972836238618584
c005,2,gex release 2,ln_gamma_H2O,0.014187714724585139,0.013733015740293168,0.00045469898429197075
c005,2,gex release 2,ln_gamma_Na+,-0.8070407236824386,-0.8323857654930329,0.02534504181059427
c005,2,gex release 2,ln_gamma_H+,-1.1629690511596054,-1.2229707396164067,0.060001688456801316
c005,2,gex release 2,ln_gamma_HSO4-,-0.2906639310999414,-0.2697958181720772,0.02086811292786417
c005,2,gex release 2,ln_gamma_HCO3-,-0.6299498399674743,-0.6272680648718975,0.002681775095576877
c005,2,gex release 2,ln_gamma_SO4--,-2.84794063732743,-2.8426738026130183,0.0052668347144115835
c005,2,gex release 2,ln_gamma_CO3--,-2.531449757319469,-2.5742657489012277,0.04281599158175853
c005,2,gex release 2,ln_gamma_OH-,-0.15129163566938775,-0.19528572962614632,0.04399409395675857
c005,2,gex release 3,ln_gamma_H2O,0.014187714724585139,0.014115999511589851,7.171521299528805e-05
c005,2,gex release 3,ln_gamma_Na+,-0.8070407236824386,-0.8339405940862203,0.026899870403781723
c005,2,gex release 3,ln_gamma_H+,-1.1629690511596054,-1.2265670290737551,0.06359797791414978
c005,2,gex release 3,ln_gamma_HSO4-,-0.2906639310999414,-0.2756072686110371,0.015056662488904249
c005,2,gex release 3,ln_gamma_HCO3-,-0.6299498399674743,-0.6918423250086851,0.06189248504121081
c005,2,gex release 3,ln_gamma_SO4--,-2.84794063732743,-2.865410649539623,0.017470012212193353
c005,2,gex release 3,ln_gamma_CO3--,-2.531449757319469,-2.673908303583756,0.14245854626428667
c005,2,gex release 3,ln_gamma_OH-,-0.15129163566938775,-0.18279939176599136,0.03150775609660361
c005,2,gex release 4,ln_gamma_H2O,0.014187714724585139,0.014185292740194533,2.421984390606202e-06
c005,2,gex release 4,ln_gamma_Na+,-0.8070407236824386,-0.8441429218115959,0.03710219812915727
c005,2,gex release 4,ln_gamma_H+,-1.1629690511596054,-1.2059483767758357,0.0429793256162303
c005,2,gex release 4,ln_gamma_HSO4-,-0.2906639310999414,-0.2561437828667674,0.03452014823317395
c005,2,gex release 4,ln_gamma_HCO3-,-0.6299498399674743,-0.6797851599373125,0.04983531996983814
c005,2,gex release 4,ln_gamma_SO4--,-2.84794063732743,-2.8454897219838275,0.0024509153436023112
c005,2,gex release 4,ln_gamma_CO3--,-2.531449757319469,-2.5418925967694697,0.010442839450000463
c005,2,gex release 4,ln_gamma_OH-,-0.15129163566938775,-0.16862690196422747,0.017335266294839724
c005,3,AIOMFAC-free,ln_gamma_H2O,0.012987372850664224,0.013015347972572089,2.7975121907865275e-05
c005,3,AIOMFAC-free,ln_gamma_Na+,-0.8071114598169629,-0.8239066813833511,0.01679522156638824
c005,3,AIOMFAC-free,ln_gamma_H+,-1.1245468962518101,-1.1453256016513698,0.020778705399559616
c005,3,AIOMFAC-free,ln_gamma_HSO4-,-0.2729309864175301,-0.26078575657505404,0.012145229842476069
c005,3,AIOMFAC-free,ln_gamma_HCO3-,-0.6193660922371315,-0.6302353194182488,0.01086922718111738
c005,3,AIOMFAC-free,ln_gamma_SO4--,-2.833402391869633,-2.8458910606408936,0.012488668771260425
c005,3,AIOMFAC-free,ln_gamma_CO3--,-2.5794850880887283,-2.6088407738058805,0.02935568571715219
c005,3,AIOMFAC-free,ln_gamma_OH-,-0.1341890687945887,-0.14919489445806883,0.015005825663480132
c005,3,gex release 0,ln_gamma_H2O,0.012987372850664224,0.012816406278883356,0.00017096657178086727
c005,3,gex release 0,ln_gamma_Na+,-0.8071114598169629,-0.824615881773769,0.017504421956806127
c005,3,gex release 0,ln_gamma_H+,-1.1245468962518101,-1.1845286697300272,0.05998177347821709
c005,3,gex release 0,ln_gamma_HSO4-,-0.2729309864175301,-0.26415315748602275,0.008777828931507359
c005,3,gex release 0,ln_gamma_HCO3-,-0.6193660922371315,-0.6299672175178601,0.010601125280728652
c005,3,gex release 0,ln_gamma_SO4--,-2.833402391869633,-2.8333159616406025,8.6430229030654e-05
c005,3,gex release 0,ln_gamma_CO3--,-2.5794850880887283,-2.5468231504524432,0.03266193763628511
c005,3,gex release 0,ln_gamma_OH-,-0.1341890687945887,-0.10270357344667369,0.031485495347915005
c005,3,gex release 1,ln_gamma_H2O,0.012987372850664224,0.013787908450385133,0.0008005355997209099
c005,3,gex release 1,ln_gamma_Na+,-0.8071114598169629,-0.859237128778473,0.05212566896151016
c005,3,gex release 1,ln_gamma_H+,-1.1245468962518101,-1.206026864120151,0.08147996786834089
c005,3,gex release 1,ln_gamma_HSO4-,-0.2729309864175301,-0.2316185327948218,0.0413124536227083
c005,3,gex release 1,ln_gamma_HCO3-,-0.6193660922371315,-0.6295092151360493,0.010143122898917833
c005,3,gex release 1,ln_gamma_SO4--,-2.833402391869633,-2.8770595946492286,0.043657202779595394
c005,3,gex release 1,ln_gamma_CO3--,-2.5794850880887283,-2.5838665986762215,0.004381510587493143
c005,3,gex release 1,ln_gamma_OH-,-0.1341890687945887,-0.17564259352100242,0.041453524726413726
c005,3,gex release 2,ln_gamma_H2O,0.012987372850664224,0.013047835627824765,6.046277716054149e-05
c005,3,gex release 2,ln_gamma_Na+,-0.8071114598169629,-0.8477351908462829,0.04062373102932004
c005,3,gex release 2,ln_gamma_H+,-1.1245468962518101,-1.1925433184758762,0.0679964222240661
c005,3,gex release 2,ln_gamma_HSO4-,-0.2729309864175301,-0.2668447769184996,0.006086209499030493
c005,3,gex release 2,ln_gamma_HCO3-,-0.6193660922371315,-0.6139640103310767,0.005402081906054734
c005,3,gex release 2,ln_gamma_SO4--,-2.833402391869633,-2.7936775864460266,0.03972480542360657
c005,3,gex release 2,ln_gamma_CO3--,-2.5794850880887283,-2.5970891243613075,0.017604036272579116
c005,3,gex release 2,ln_gamma_OH-,-0.1341890687945887,-0.18419982960010595,0.05001076080551725
c005,3,gex release 3,ln_gamma_H2O,0.012987372850664224,0.01359787752293861,0.0006105046722743868
c005,3,gex release 3,ln_gamma_Na+,-0.8071114598169629,-0.8420684655484996,0.034957005731536706
c005,3,gex release 3,ln_gamma_H+,-1.1245468962518101,-1.1888550665736002,0.06430817032179004
c005,3,gex release 3,ln_gamma_HSO4-,-0.2729309864175301,-0.25275969093956774,0.02017129547796237
c005,3,gex release 3,ln_gamma_HCO3-,-0.6193660922371315,-0.6478038651738373,0.028437772936705796
c005,3,gex release 3,ln_gamma_SO4--,-2.833402391869633,-2.8688593861120673,0.03545699424243409
c005,3,gex release 3,ln_gamma_CO3--,-2.5794850880887283,-2.6741894891230173,0.09470440103428901
c005,3,gex release 3,ln_gamma_OH-,-0.1341890687945887,-0.1640008255453851,0.029811756750796392
c005,3,gex release 4,ln_gamma_H2O,0.012987372850664224,0.013501501561090881,0.0005141287104266576
c005,3,gex release 4,ln_gamma_Na+,-0.8071114598169629,-0.8383679319315414,0.03125647211457849
c005,3,gex release 4,ln_gamma_H+,-1.1245468962518101,-1.1529908116944378,0.0284439154426277
c005,3,gex release 4,ln_gamma_HSO4-,-0.2729309864175301,-0.21977119968364156,0.05315978673388855
c005,3,gex release 4,ln_gamma_HCO3-,-0.6193660922371315,-0.6364876616683836,0.017121569431252093
c005,3,gex release 4,ln_gamma_SO4--,-2.833402391869633,-2.879453780622806,0.04605138875317305
c005,3,gex release 4,ln_gamma_CO3--,-2.5794850880887283,-2.58798348060624,0.008498392517511721
c005,3,gex release 4,ln_gamma_OH-,-0.1341890687945887,-0.1458267160699398,0.011637647275351104
c005,4,AIOMFAC-free,ln_gamma_H2O,0.03372108650952957,0.03298969235878309,0.0007313941507464811
c005,4,AIOMFAC-free,ln_gamma_Na+,-1.0876454875807848,-1.1451164830351261,0.05747099545434131
c005,4,AIOMFAC-free,ln_gamma_H+,-1.3750840751054656,-1.4314751031593649,0.056391028053899284
c005,4,AIOMFAC-free,ln_gamma_HSO4-,-0.19176497392090075,-0.14556438053833595,0.0462005933825648
c005,4,AIOMFAC-free,ln_gamma_HCO3-,-0.6617760157147038,-0.6920719848345087,0.030295969119804922
c005,4,AIOMFAC-free,ln_gamma_SO4--,-3.2588819688897135,-3.2830071968385237,0.024125227948810224
c005,4,AIOMFAC-free,ln_gamma_CO3--,-2.8610907938709227,-2.942919940254466,0.08182914638354344
c005,4,AIOMFAC-free,ln_gamma_OH-,0.3016702303336726,0.29924727607493296,0.002422954258739618
c005,4,gex release 0,ln_gamma_H2O,0.03372108650952957,0.03261932739936296,0.0011017591101666058
c005,4,gex release 0,ln_gamma_Na+,-1.0876454875807848,-1.1470291115103974,0.059383623929612606
c005,4,gex release 0,ln_gamma_H+,-1.3750840751054656,-1.4291882358640087,0.054104160758543074
c005,4,gex release 0,ln_gamma_HSO4-,-0.19176497392090075,-0.19655039279629793,0.004785418875397185
c005,4,gex release 0,ln_gamma_HCO3-,-0.6617760157147038,-0.6940440137733928,0.03226799805868896
c005,4,gex release 0,ln_gamma_SO4--,-3.2588819688897135,-3.2571251941428647,0.001756774746848766
c005,4,gex release 0,ln_gamma_CO3--,-2.8610907938709227,-2.897326691869543,0.03623589799862037
c005,4,gex release 0,ln_gamma_OH-,0.3016702303336726,0.3213641120918913,0.019693881758218734
c005,4,gex release 1,ln_gamma_H2O,0.03372108650952957,0.03157062079350782,0.002150465716021746
c005,4,gex release 1,ln_gamma_Na+,-1.0876454875807848,-1.1716900648113802,0.08404457723059533
c005,4,gex release 1,ln_gamma_H+,-1.3750840751054656,-1.4316222604032385,0.05653818529777288
c005,4,gex release 1,ln_gamma_HSO4-,-0.19176497392090075,-0.11448575876231692,0.07727921515858382
c005,4,gex release 1,ln_gamma_HCO3-,-0.6617760157147038,-0.6582729169528859,0.003503098761817869
c005,4,gex release 1,ln_gamma_SO4--,-3.2588819688897135,-3.2317173667919765,0.027164602097736967
c005,4,gex release 1,ln_gamma_CO3--,-2.8610907938709227,-2.8556251770648307,0.005465616806092033
c005,4,gex release 1,ln_gamma_OH-,0.3016702303336726,0.30446071105676964,0.0027904807230970663
c005,4,gex release 2,ln_gamma_H2O,0.03372108650952957,0.03316757881777899,0.0005535076917505821
c005,4,gex release 2,ln_gamma_Na+,-1.0876454875807848,-1.1768932051038639,0.08924771752307903
c005,4,gex release 2,ln_gamma_H+,-1.3750840751054656,-1.4215829614833486,0.04649888637788302
c005,4,gex release 2,ln_gamma_HSO4-,-0.19176497392090075,-0.16311948378764418,0.028645490133256568
c005,4,gex release 2,ln_gamma_HCO3-,-0.6617760157147038,-0.6743292387824575,0.01255322306775375
c005,4,gex release 2,ln_gamma_SO4--,-3.2588819688897135,-3.221058617965018,0.037823350924695465
c005,4,gex release 2,ln_gamma_CO3--,-2.8610907938709227,-2.9637396634531363,0.10264886958221364
c005,4,gex release 2,ln_gamma_OH-,0.3016702303336726,0.2584532821226668,0.043216948211005746
c005,4,gex release 3,ln_gamma_H2O,0.03372108650952957,0.03273377201157586,0.000987314497953709
c005,4,gex release 3,ln_gamma_Na+,-1.0876454875807848,-1.1562164898665412,0.06857100228575641
c005,4,gex release 3,ln_gamma_H+,-1.3750840751054656,-1.4229218462448476,0.047837771139382035
c005,4,gex release 3,ln_gamma_HSO4-,-0.19176497392090075,-0.1851923563189064,0.006572617601994346
c005,4,gex release 3,ln_gamma_HCO3-,-0.6617760157147038,-0.752054077433645,0.09027806171894126
c005,4,gex release 3,ln_gamma_SO4--,-3.2588819688897135,-3.2667061319567647,0.007824163067051249
c005,4,gex release 3,ln_gamma_CO3--,-2.8610907938709227,-3.0371863135614237,0.17609551969050097
c005,4,gex release 3,ln_gamma_OH-,0.3016702303336726,0.304933580514426,0.0032633501807534104
c005,4,gex release 4,ln_gamma_H2O,0.03372108650952957,0.03225067017882169,0.00147041633070788
c005,4,gex release 4,ln_gamma_Na+,-1.0876454875807848,-1.1641581781147876,0.07651269053400278
c005,4,gex release 4,ln_gamma_H+,-1.3750840751054656,-1.3956846455190304,0.020600570413564778
c005,4,gex release 4,ln_gamma_HSO4-,-0.19176497392090075,-0.19744086416117446,0.005675890240273707
c005,4,gex release 4,ln_gamma_HCO3-,-0.6617760157147038,-0.7158634241265013,0.05408740841179749
c005,4,gex release 4,ln_gamma_SO4--,-3.2588819688897135,-3.2309090406153116,0.027972928274401898
c005,4,gex release 4,ln_gamma_CO3--,-2.8610907938709227,-2.862592794785548,0.0015020009146251567
c005,4,gex release 4,ln_gamma_OH-,0.3016702303336726,0.3228984993665489,0.021228269032876335
c005,5,AIOMFAC-free,ln_gamma_H2O,0.010241955224047172,0.010248035706632574,6.080482585402516e-06
c005,5,AIOMFAC-free,ln_gamma_Na+,-0.7570555337873973,-0.7592629408087539,0.0022074070213565777
c005,5,AIOMFAC-free,ln_gamma_H+,-0.8121921002877371,-0.8145370326896522,0.002344932401915023
c005,5,AIOMFAC-free,ln_gamma_HSO4-,-0.1912197239922142,-0.18942790113033667,0.00179182286187754
c005,5,AIOMFAC-free,ln_gamma_HCO3-,-0.6342254222424932,-0.6358268412246681,0.001601418982174918
c005,5,AIOMFAC-free,ln_gamma_SO4--,-2.9599438135388216,-2.962147825242415,0.0022040117035935225
c005,5,AIOMFAC-free,ln_gamma_CO3--,-2.6802862722924914,-2.6847642216159597,0.004477949323468344
c005,5,AIOMFAC-free,ln_gamma_OH-,-0.17109328521938677,-0.17336934789152234,0.002276062672135565
c005,5,gex release 0,ln_gamma_H2O,0.010241955224047172,0.009748462517356962,0.0004934927066902097
c005,5,gex release 0,ln_gamma_Na+,-0.7570555337873973,-0.753896351065668,0.0031591827217293256
c005,5,gex release 0,ln_gamma_H+,-0.8121921002877371,-0.8171114044030108,0.004919304115273637
c005,5,gex release 0,ln_gamma_HSO4-,-0.1912197239922142,-0.14698896169723175,0.04423076229498246
c005,5,gex release 0,ln_gamma_HCO3-,-0.6342254222424932,-0.6341038676732457,0.0001215545692475617
c005,5,gex release 0,ln_gamma_SO4--,-2.9599438135388216,-2.9129636577119853,0.046980155826836345
c005,5,gex release 0,ln_gamma_CO3--,-2.6802862722924914,-2.662406258431675,0.01788001386081639
c005,5,gex release 0,ln_gamma_OH-,-0.17109328521938677,-0.14137158883030487,0.029721696389081897
c005,5,gex release 1,ln_gamma_H2O,0.010241955224047172,0.010733897281983346,0.0004919420579361736
c005,5,gex release 1,ln_gamma_Na+,-0.7570555337873973,-0.7788675244687786,0.021811990681381288
c005,5,gex release 1,ln_gamma_H+,-0.8121921002877371,-0.8635429007323427,0.051350800444605604
c005,5,gex release 1,ln_gamma_HSO4-,-0.1912197239922142,-0.14334714898588796,0.047872575006326246
c005,5,gex release 1,ln_gamma_HCO3-,-0.6342254222424932,-0.6400462378132545,0.005820815570761306
c005,5,gex release 1,ln_gamma_SO4--,-2.9599438135388216,-2.98638318893685,0.026439375398028542
c005,5,gex release 1,ln_gamma_CO3--,-2.6802862722924914,-2.6892239973992704,0.008937725106779038
c005,5,gex release 1,ln_gamma_OH-,-0.17109328521938677,-0.17539029104175619,0.004297005822369415
c005,5,gex release 2,ln_gamma_H2O,0.010241955224047172,0.01033608526728351,9.413004323633768e-05
c005,5,gex release 2,ln_gamma_Na+,-0.7570555337873973,-0.7755520315938726,0.01849649780647533
c005,5,gex release 2,ln_gamma_H+,-0.8121921002877371,-0.8480721981097388,0.03588009782200163
c005,5,gex release 2,ln_gamma_HSO4-,-0.1912197239922142,-0.1582541174537695,0.032965606538444714
c005,5,gex release 2,ln_gamma_HCO3-,-0.6342254222424932,-0.6341768319101274,4.859033236581656e-05
c005,5,gex release 2,ln_gamma_SO4--,-2.9599438135388216,-2.8932423480552316,0.06670146548359002
c005,5,gex release 2,ln_gamma_CO3--,-2.6802862722924914,-2.6769803825539524,0.0033058897385389585
c005,5,gex release 2,ln_gamma_OH-,-0.17109328521938677,-0.17172457119727236,0.0006312859778855873
c005,5,gex release 3,ln_gamma_H2O,0.010241955224047172,0.010590206544027286,0.0003482513199801144
c005,5,gex release 3,ln_gamma_Na+,-0.7570555337873973,-0.7787766222645844,0.021721088477187123
c005,5,gex release 3,ln_gamma_H+,-0.8121921002877371,-0.8303995694624948,0.018207469174757684
c005,5,gex release 3,ln_gamma_HSO4-,-0.1912197239922142,-0.1328958149802959,0.05832390901191831
c005,5,gex release 3,ln_gamma_HCO3-,-0.6342254222424932,-0.6464779930022084,0.012252570759715198
c005,5,gex release 3,ln_gamma_SO4--,-2.9599438135388216,-2.9336619585859594,0.026281854952862282
c005,5,gex release 3,ln_gamma_CO3--,-2.6802862722924914,-2.708056475964207,0.027770203671715787
c005,5,gex release 3,ln_gamma_OH-,-0.17109328521938677,-0.15901471314478322,0.012078572074603555
c005,5,gex release 4,ln_gamma_H2O,0.010241955224047172,0.010326864271614375,8.490904756720298e-05
c005,5,gex release 4,ln_gamma_Na+,-0.7570555337873973,-0.7613302361756566,0.004274702388259333
c005,5,gex release 4,ln_gamma_H+,-0.8121921002877371,-0.8166804694677889,0.004488369180051799
c005,5,gex release 4,ln_gamma_HSO4-,-0.1912197239922142,-0.10487393036133219,0.08634579363088202
c005,5,gex release 4,ln_gamma_HCO3-,-0.6342254222424932,-0.6368386487618741,0.0026132265193808957
c005,5,gex release 4,ln_gamma_SO4--,-2.9599438135388216,-2.9751909714383302,0.01524715789950859
c005,5,gex release 4,ln_gamma_CO3--,-2.6802862722924914,-2.6782592609945346,0.0020270112979567934
c005,5,gex release 4,ln_gamma_OH-,-0.17109328521938677,-0.16048341889771667,0.010609866321670103
c005,6,AIOMFAC-free,ln_gamma_H2O,0.009026718928078124,0.008990021570698802,3.669735737932278e-05
c005,6,AIOMFAC-free,ln_gamma_Na+,-0.6838714556060322,-0.6866045570982151,0.0027331014921828656
c005,6,AIOMFAC-free,ln_gamma_H+,-0.7356766700926751,-0.7386805423038795,0.0030038722112043503
c005,6,AIOMFAC-free,ln_gamma_HSO4-,-0.058613927235982466,-0.05563674066501653,0.002977186570965934
c005,6,AIOMFAC-free,ln_gamma_HCO3-,-0.6728190768290496,-0.6742876912693468,0.0014686144402972223
c005,6,AIOMFAC-free,ln_gamma_SO4--,-3.220163605603044,-3.2221047989377785,0.0019411933347344146
c005,6,AIOMFAC-free,ln_gamma_CO3--,-2.480089313620761,-2.4833774825841175,0.003288168963356597
c005,6,AIOMFAC-free,ln_gamma_OH-,-0.22853278276362532,-0.23075328843475432,0.002220505671128997
c005,6,gex release 0,ln_gamma_H2O,0.009026718928078124,0.00874263970454578,0.000284079223532345
c005,6,gex release 0,ln_gamma_Na+,-0.6838714556060322,-0.6944039630256833,0.01053250741965106
c005,6,gex release 0,ln_gamma_H+,-0.7356766700926751,-0.747307026880772,0.011630356788096874
c005,6,gex release 0,ln_gamma_HSO4-,-0.058613927235982466,-0.051128120257958765,0.007485806978023701
c005,6,gex release 0,ln_gamma_HCO3-,-0.6728190768290496,-0.6905293418903334,0.017710265061283814
c005,6,gex release 0,ln_gamma_SO4--,-3.220163605603044,-3.204721294560693,0.015442311042351164
c005,6,gex release 0,ln_gamma_CO3--,-2.480089313620761,-2.4672189896864545,0.012870323934306427
c005,6,gex release 0,ln_gamma_OH-,-0.22853278276362532,-0.16334382562560235,0.06518895713802297
c005,6,gex release 1,ln_gamma_H2O,0.009026718928078124,0.00903836241825337,1.1643490175246296e-05
c005,6,gex release 1,ln_gamma_Na+,-0.6838714556060322,-0.7227605571573323,0.0388891015513001
c005,6,gex release 1,ln_gamma_H+,-0.7356766700926751,-0.7643804449676428,0.02870377487496767
c005,6,gex release 1,ln_gamma_HSO4-,-0.058613927235982466,-0.04657683268437629,0.012037094551606176
c005,6,gex release 1,ln_gamma_HCO3-,-0.6728190768290496,-0.6553174792994056,0.017501597529643975
c005,6,gex release 1,ln_gamma_SO4--,-3.220163605603044,-3.2055536108015446,0.014609994801499493
c005,6,gex release 1,ln_gamma_CO3--,-2.480089313620761,-2.497560410774087,0.017471097153326287
c005,6,gex release 1,ln_gamma_OH-,-0.22853278276362532,-0.2199370058998369,0.008595776863788429
c005,6,gex release 2,ln_gamma_H2O,0.009026718928078124,0.007969481005531284,0.00105723792254684
c005,6,gex release 2,ln_gamma_Na+,-0.6838714556060322,-0.6858614601514021,0.0019900045453699056
c005,6,gex release 2,ln_gamma_H+,-0.7356766700926751,-0.727747979444499,0.00792869064817614
c005,6,gex release 2,ln_gamma_HSO4-,-0.058613927235982466,-0.05290597661046181,0.0057079506255206525
c005,6,gex release 2,ln_gamma_HCO3-,-0.6728190768290496,-0.6600972687968526,0.012721808032197024
c005,6,gex release 2,ln_gamma_SO4--,-3.220163605603044,-3.176329669117692,0.043833936485352165
c005,6,gex release 2,ln_gamma_CO3--,-2.480089313620761,-2.5389403969048043,0.058851083284043426
c005,6,gex release 2,ln_gamma_OH-,-0.22853278276362532,-0.262768788290737,0.0342360055271117
c005,6,gex release 3,ln_gamma_H2O,0.009026718928078124,0.008283939778560456,0.000742779149517668
c005,6,gex release 3,ln_gamma_Na+,-0.6838714556060322,-0.6866559122445421,0.0027844566385099023
c005,6,gex release 3,ln_gamma_H+,-0.7356766700926751,-0.7207449104647492,0.014931759627925922
c005,6,gex release 3,ln_gamma_HSO4-,-0.058613927235982466,-0.047013299749628756,0.01160062748635371
c005,6,gex release 3,ln_gamma_HCO3-,-0.6728190768290496,-0.7103561832266388,0.037537106397589226
c005,6,gex release 3,ln_gamma_SO4--,-3.220163605603044,-3.2038709254366675,0.016292680166376527
c005,6,gex release 3,ln_gamma_CO3--,-2.480089313620761,-2.6221826548582743,0.14209334123751338
c005,6,gex release 3,ln_gamma_OH-,-0.22853278276362532,-0.23444306547665406,0.005910282713028736
c005,6,gex release 4,ln_gamma_H2O,0.009026718928078124,0.00863922118191962,0.0003874977461585036
c005,6,gex release 4,ln_gamma_Na+,-0.6838714556060322,-0.699886364831287,0.016014909225254725
c005,6,gex release 4,ln_gamma_H+,-0.7356766700926751,-0.7128126452379582,0.022864024854716947
c005,6,gex release 4,ln_gamma_HSO4-,-0.058613927235982466,-0.044662820115584534,0.013951107120397932
c005,6,gex release 4,ln_gamma_HCO3-,-0.6728190768290496,-0.6968407874906067,0.024021710661557116
c005,6,gex release 4,ln_gamma_SO4--,-3.220163605603044,-3.184666689706045,0.03549691589699888
c005,6,gex release 4,ln_gamma_CO3--,-2.480089313620761,-2.503003569818272,0.022914256197511307
c005,6,gex release 4,ln_gamma_OH-,-0.22853278276362532,-0.2172554646789271,0.011277318084698229
c005,7,AIOMFAC-free,ln_gamma_H2O,0.009804724760893824,0.009781914544314058,2.2810216579766118e-05
c005,7,AIOMFAC-free,ln_gamma_Na+,-0.7310798674315385,-0.7453122380776592,0.014232370646120707
c005,7,AIOMFAC-free,ln_gamma_H+,-1.0717734010745932,-1.0901932798397522,0.018419878765159048
c005,7,AIOMFAC-free,ln_gamma_HSO4-,-0.3057931057838443,-0.2948367160509537,0.010956389732890592
c005,7,AIOMFAC-free,ln_gamma_HCO3-,-0.6200024868093169,-0.6288238150242588,0.00882132821494186
c005,7,AIOMFAC-free,ln_gamma_SO4--,-2.7802006680477875,-2.790183123899394,0.00998245585160662
c005,7,AIOMFAC-free,ln_gamma_CO3--,-2.4340339317781265,-2.456050430477571,0.022016498699444664
c005,7,AIOMFAC-free,ln_gamma_OH-,-0.24684475424003374,-0.2608295180915348,0.013984763851501075
c005,7,gex release 0,ln_gamma_H2O,0.009804724760893824,0.009637970404948362,0.0001667543559454622
c005,7,gex release 0,ln_gamma_Na+,-0.7310798674315385,-0.7420332541011163,0.010953386669577792
c005,7,gex release 0,ln_gamma_H+,-1.0717734010745932,-1.1274654292668145,0.0556920281922213
c005,7,gex release 0,ln_gamma_HSO4-,-0.3057931057838443,-0.30015681213907797,0.00563629364476631
c005,7,gex release 0,ln_gamma_HCO3-,-0.6200024868093169,-0.6477697776595246,0.027767290850207682
c005,7,gex release 0,ln_gamma_SO4--,-2.7802006680477875,-2.7851291035762875,0.004928435528499975
c005,7,gex release 0,ln_gamma_CO3--,-2.4340339317781265,-2.39918333370982,0.03485059806830648
c005,7,gex release 0,ln_gamma_OH-,-0.24684475424003374,-0.21629763350925169,0.030547120730782057
c005,7,gex release 1,ln_gamma_H2O,0.009804724760893824,0.010181614307646268,0.0003768895467524437
c005,7,gex release 1,ln_gamma_Na+,-0.7310798674315385,-0.7691182715318563,0.03803840410031778
c005,7,gex release 1,ln_gamma_H+,-1.0717734010745932,-1.1411387145909946,0.0693653135164014
c005,7,gex release 1,ln_gamma_HSO4-,-0.3057931057838443,-0.3008772714446455,0.004915834339198788
c005,7,gex release 1,ln_gamma_HCO3-,-0.6200024868093169,-0.6311529748419435,0.011150488032626638
c005,7,gex release 1,ln_gamma_SO4--,-2.7802006680477875,-2.8105566786981577,0.03035601065037019
c005,7,gex release 1,ln_gamma_CO3--,-2.4340339317781265,-2.4388693096041156,0.0048353778259890845
c005,7,gex release 1,ln_gamma_OH-,-0.24684475424003374,-0.28349042679825676,0.036645672558223014
c005,7,gex release 2,ln_gamma_H2O,0.009804724760893824,0.009497158292724281,0.0003075664681695435
c005,7,gex release 2,ln_gamma_Na+,-0.7310798674315385,-0.7471676749534946,0.016087807521956043
c005,7,gex release 2,ln_gamma_H+,-1.0717734010745932,-1.1264362773859224,0.05466287631132927
c005,7,gex release 2,ln_gamma_HSO4-,-0.3057931057838443,-0.29369660403436526,0.012096501749479016
c005,7,gex release 2,ln_gamma_HCO3-,-0.6200024868093169,-0.6084945760122765,0.011507910797040388
c005,7,gex release 2,ln_gamma_SO4--,-2.7802006680477875,-2.7727938058428667,0.007406862204920817
c005,7,gex release 2,ln_gamma_CO3--,-2.4340339317781265,-2.4535869286803145,0.019552996902187925
c005,7,gex release 2,ln_gamma_OH-,-0.24684475424003374,-0.2882077087877257,0.04136295454769198
c005,7,gex release 3,ln_gamma_H2O,0.009804724760893824,0.009733582971791492,7.114178910233235e-05
c005,7,gex release 3,ln_gamma_Na+,-0.7310798674315385,-0.7473394434763341,0.016259576044795554
c005,7,gex release 3,ln_gamma_H+,-1.0717734010745932,-1.127446265967682,0.05567286489308887
c005,7,gex release 3,ln_gamma_HSO4-,-0.3057931057838443,-0.2951050985768766,0.010688007206967665
c005,7,gex release 3,ln_gamma_HCO3-,-0.6200024868093169,-0.6542841134713755,0.034281626662058584
c005,7,gex release 3,ln_gamma_SO4--,-2.7802006680477875,-2.7930633699408474,0.012862701893059825
c005,7,gex release 3,ln_gamma_CO3--,-2.4340339317781265,-2.537780861970224,0.10374693019209724
c005,7,gex release 3,ln_gamma_OH-,-0.24684475424003374,-0.28643876004897084,0.0395940058089371
c005,7,gex release 4,ln_gamma_H2O,0.009804724760893824,0.00968995601210719,0.0001147687487866346
c005,7,gex release 4,ln_gamma_Na+,-0.7310798674315385,-0.7502821709942356,0.019202303562697032
c005,7,gex release 4,ln_gamma_H+,-1.0717734010745932,-1.105113247758522,0.03333984668392875
c005,7,gex release 4,ln_gamma_HSO4-,-0.3057931057838443,-0.2779162722456494,0.027876833538194867
c005,7,gex release 4,ln_gamma_HCO3-,-0.6200024868093169,-0.6493053385474002,0.029302851738083335
c005,7,gex release 4,ln_gamma_SO4--,-2.7802006680477875,-2.7738318720636017,0.006368795984185827
c005,7,gex release 4,ln_gamma_CO3--,-2.4340339317781265,-2.435804681857676,0.0017707500795496323
c005,7,gex release 4,ln_gamma_OH-,-0.24684475424003374,-0.2609217814084923,0.014077027168458572
c005,8,AIOMFAC-free,ln_gamma_H2O,0.00803946032999706,0.008043366587843985,3.906257846925804e-06
c005,8,AIOMFAC-free,ln_gamma_Na+,-0.6831780622079451,-0.6924764681068933,0.009298405898948259
c005,8,AIOMFAC-free,ln_gamma_H+,-0.9686015823935081,-0.9808259481311831,0.012224365737674936
c005,8,AIOMFAC-free,ln_gamma_HSO4-,-0.27452806239425775,-0.26781927620049,0.006708786193767746
c005,8,AIOMFAC-free,ln_gamma_HCO3-,-0.5549590963447812,-0.5611681920661254,0.006209095721344204
c005,8,AIOMFAC-free,ln_gamma_SO4--,-2.512018158929024,-2.5189848625625566,0.006966703633532578
c005,8,AIOMFAC-free,ln_gamma_CO3--,-2.3084046903980777,-2.325245441380127,0.01684075098204918
c005,8,AIOMFAC-free,ln_gamma_OH-,-0.16895052930879068,-0.17878342051595705,0.009832891207166378
c005,8,gex release 0,ln_gamma_H2O,0.00803946032999706,0.00790543892348873,0.00013402140650832853
c005,8,gex release 0,ln_gamma_Na+,-0.6831780622079451,-0.6921352935260889,0.008957231318143855
c005,8,gex release 0,ln_gamma_H+,-0.9686015823935081,-1.0216685586423397,0.05306697624883161
c005,8,gex release 0,ln_gamma_HSO4-,-0.27452806239425775,-0.26487059413628355,0.0096574682579742
c005,8,gex release 0,ln_gamma_HCO3-,-0.5549590963447812,-0.564769116761084,0.009810020416302745
c005,8,gex release 0,ln_gamma_SO4--,-2.512018158929024,-2.5137176117927194,0.0016994528636953277
c005,8,gex release 0,ln_gamma_CO3--,-2.3084046903980777,-2.2718840399647524,0.03652065043332531
c005,8,gex release 0,ln_gamma_OH-,-0.16895052930879068,-0.16928916067102984,0.00033863136223916124
c005,8,gex release 1,ln_gamma_H2O,0.00803946032999706,0.008664375842382159,0.0006249155123850998
c005,8,gex release 1,ln_gamma_Na+,-0.6831780622079451,-0.7136495692022211,0.030471506994276032
c005,8,gex release 1,ln_gamma_H+,-0.9686015823935081,-1.0461649812452154,0.07756339885170727
c005,8,gex release 1,ln_gamma_HSO4-,-0.27452806239425775,-0.25207746982864687,0.022450592565610883
c005,8,gex release 1,ln_gamma_HCO3-,-0.5549590963447812,-0.565858462190763,0.010899365845981723
c005,8,gex release 1,ln_gamma_SO4--,-2.512018158929024,-2.570557638431162,0.058539479502138114
c005,8,gex release 1,ln_gamma_CO3--,-2.3084046903980777,-2.3128459542867574,0.004441263888679714
c005,8,gex release 1,ln_gamma_OH-,-0.16895052930879068,-0.20928823867474478,0.0403377093659541
c005,8,gex release 2,ln_gamma_H2O,0.00803946032999706,0.008046445444911482,6.9851149144227465e-06
c005,8,gex release 2,ln_gamma_Na+,-0.6831780622079451,-0.7103952967850997,0.027217234577154636
c005,8,gex release 2,ln_gamma_H+,-0.9686015823935081,-1.0429541125321002,0.07435253013859211
c005,8,gex release 2,ln_gamma_HSO4-,-0.27452806239425775,-0.27133652905893135,0.003191533335326402
c005,8,gex release 2,ln_gamma_HCO3-,-0.5549590963447812,-0.5495685165035535,0.005390579841227705
c005,8,gex release 2,ln_gamma_SO4--,-2.512018158929024,-2.4791158860289535,0.03290227290007053
c005,8,gex release 2,ln_gamma_CO3--,-2.3084046903980777,-2.3080630643572606,0.00034162604081711123
c005,8,gex release 2,ln_gamma_OH-,-0.16895052930879068,-0.21545913483694434,0.04650860552815367
c005,8,gex release 3,ln_gamma_H2O,0.00803946032999706,0.00826087874432184,0.00022141841432478035
c005,8,gex release 3,ln_gamma_Na+,-0.6831780622079451,-0.7036960075961485,0.020517945388203396
c005,8,gex release 3,ln_gamma_H+,-0.9686015823935081,-1.026380196898955,0.05777861450544686
c005,8,gex release 3,ln_gamma_HSO4-,-0.27452806239425775,-0.2539279653818667,0.020600097012391072
c005,8,gex release 3,ln_gamma_HCO3-,-0.5549590963447812,-0.5725108693661796,0.01755177302139832
c005,8,gex release 3,ln_gamma_SO4--,-2.512018158929024,-2.5292231001798804,0.017204941250856365
c005,8,gex release 3,ln_gamma_CO3--,-2.3084046903980777,-2.363544502341912,0.05513981194383444
c005,8,gex release 3,ln_gamma_OH-,-0.16895052930879068,-0.21180787989228023,0.04285735058348955
c005,8,gex release 4,ln_gamma_H2O,0.00803946032999706,0.008213209556236632,0.00017374922623957303
c005,8,gex release 4,ln_gamma_Na+,-0.6831780622079451,-0.6956637938085068,0.012485731600561767
c005,8,gex release 4,ln_gamma_H+,-0.9686015823935081,-0.9993800578001215,0.03077847540661338
c005,8,gex release 4,ln_gamma_HSO4-,-0.27452806239425775,-0.21979551817635046,0.0547325442179073
c005,8,gex release 4,ln_gamma_HCO3-,-0.5549590963447812,-0.5653848073353833,0.010425710990602077
c005,8,gex release 4,ln_gamma_SO4--,-2.512018158929024,-2.5592075421339135,0.04718938320488952
c005,8,gex release 4,ln_gamma_CO3--,-2.3084046903980777,-2.3035550774288875,0.004849612969190176
c005,8,gex release 4,ln_gamma_OH-,-0.16895052930879068,-0.1902059354992609,0.021255406190470227
c005,9,AIOMFAC-free,ln_gamma_H2O,5.1360992213488186e-05,5.13088412938535e-05,5.2150919634684804e-08
c005,9,AIOMFAC-free,ln_gamma_Na+,-0.1655811694469167,-0.16580392920241557,0.00022275975549887472
c005,9,AIOMFAC-free,ln_gamma_H+,-0.20065963966403955,-0.20096814742080601,0.00030850775676646847
c005,9,AIOMFAC-free,ln_gamma_HSO4-,-0.15529550694454305,-0.1551330482630623,0.00016245868148076492
c005,9,AIOMFAC-free,ln_gamma_HCO3-,-0.1620964746159206,-0.16224491736006702,0.0001484427441464098
c005,9,AIOMFAC-free,ln_gamma_SO4--,-0.6557027830478036,-0.6557282511598236,2.546811201997734e-05
c005,9,AIOMFAC-free,ln_gamma_CO3--,-0.651618655677433,-0.6519940987950121,0.00037544311757908844
c005,9,AIOMFAC-free,ln_gamma_OH-,-0.14828852315589766,-0.14863280441007623,0.0003442812541785689
c005,9,gex release 0,ln_gamma_H2O,5.1360992213488186e-05,5.141758318445667e-05,5.659097096848527e-08
c005,9,gex release 0,ln_gamma_Na+,-0.1655811694469167,-0.16512730523377206,0.0004538642131446391
c005,9,gex release 0,ln_gamma_H+,-0.20065963966403955,-0.18617195350343074,0.014487686160608804
c005,9,gex release 0,ln_gamma_HSO4-,-0.15529550694454305,-0.1570793532788206,0.0017838463342775557
c005,9,gex release 0,ln_gamma_HCO3-,-0.1620964746159206,-0.16325382212316195,0.0011573475072413353
c005,9,gex release 0,ln_gamma_SO4--,-0.6557027830478036,-0.6580569732882163,0.0023541902404127235
c005,9,gex release 0,ln_gamma_CO3--,-0.651618655677433,-0.649280883657137,0.0023377720202960584
c005,9,gex release 0,ln_gamma_OH-,-0.14828852315589766,-0.15511299014823754,0.006824466992339878
c005,9,gex release 1,ln_gamma_H2O,5.1360992213488186e-05,5.101702632221848e-05,3.439658912697034e-07
c005,9,gex release 1,ln_gamma_Na+,-0.1655811694469167,-0.1638141892446061,0.0017669802023105863
c005,9,gex release 1,ln_gamma_H+,-0.20065963966403955,-0.18637924410890827,0.014280395555131276
c005,9,gex release 1,ln_gamma_HSO4-,-0.15529550694454305,-0.1573845507043924,0.002089043759849335
c005,9,gex release 1,ln_gamma_HCO3-,-0.1620964746159206,-0.16189044817982917,0.00020602643609143878
c005,9,gex release 1,ln_gamma_SO4--,-0.6557027830478036,-0.656389334999981,0.0006865519521773722
c005,9,gex release 1,ln_gamma_CO3--,-0.651618655677433,-0.6495942715039802,0.0020243841734528534
c005,9,gex release 1,ln_gamma_OH-,-0.14828852315589766,-0.15123684828405404,0.002948325128156376
c005,9,gex release 2,ln_gamma_H2O,5.1360992213488186e-05,5.1434179561742044e-05,7.318734825385815e-08
c005,9,gex release 2,ln_gamma_Na+,-0.1655811694469167,-0.165432272977744,0.00014889646917271016
c005,9,gex release 2,ln_gamma_H+,-0.20065963966403955,-0.18641785189227655,0.014241787771762993
c005,9,gex release 2,ln_gamma_HSO4-,-0.15529550694454305,-0.15680216773421307,0.0015066607896700168
c005,9,gex release 2,ln_gamma_HCO3-,-0.1620964746159206,-0.16165962824293484,0.0004368463729857719
c005,9,gex release 2,ln_gamma_SO4--,-0.6557027830478036,-0.6582286412450058,0.002525858197202191
c005,9,gex release 2,ln_gamma_CO3--,-0.651618655677433,-0.6497356542294623,0.0018830014479707113
c005,9,gex release 2,ln_gamma_OH-,-0.14828852315589766,-0.15381329912503539,0.005524775969137724
c005,9,gex release 3,ln_gamma_H2O,5.1360992213488186e-05,5.140852347488775e-05,4.753126139956553e-08
c005,9,gex release 3,ln_gamma_Na+,-0.1655811694469167,-0.16510808880916517,0.00047308063775153286
c005,9,gex release 3,ln_gamma_H+,-0.20065963966403955,-0.18577202257716552,0.014887617086874028
c005,9,gex release 3,ln_gamma_HSO4-,-0.15529550694454305,-0.15697815232858048,0.0016826453840374234
c005,9,gex release 3,ln_gamma_HCO3-,-0.1620964746159206,-0.16277744084553153,0.0006809662296109187
c005,9,gex release 3,ln_gamma_SO4--,-0.6557027830478036,-0.6581908805239167,0.002488097476113116
c005,9,gex release 3,ln_gamma_CO3--,-0.651618655677433,-0.6513562914888728,0.0002623641885602934
c005,9,gex release 3,ln_gamma_OH-,-0.14828852315589766,-0.15549174059989257,0.007203217443994908
c005,9,gex release 4,ln_gamma_H2O,5.1360992213488186e-05,5.1322958799148496e-05,3.803341433969047e-08
c005,9,gex release 4,ln_gamma_Na+,-0.1655811694469167,-0.16480566696278687,0.0007755024841298308
c005,9,gex release 4,ln_gamma_H+,-0.20065963966403955,-0.18588244598599246,0.014777193678047085
c005,9,gex release 4,ln_gamma_HSO4-,-0.15529550694454305,-0.1567555925805204,0.001460085635977354
c005,9,gex release 4,ln_gamma_HCO3-,-0.1620964746159206,-0.16330059310691097,0.0012041184909903635
c005,9,gex release 4,ln_gamma_SO4--,-0.6557027830478036,-0.6575445454081488,0.0018417623603451672
c005,9,gex release 4,ln_gamma_CO3--,-0.651618655677433,-0.6490479064312364,0.002570749246196602
c005,9,gex release 4,ln_gamma_OH-,-0.14828852315589766,-0.15306425248098243,0.004775729325084771
c006,0,AIOMFAC-free,ln_gamma_H2O,0.0025396150146194487,0.002521160318739347,1.8454695880101585e-05
c006,0,AIOMFAC-free,ln_gamma_Na+,-0.5269623690084856,-0.5325113084778097,0.00554893946932411
c006,0,AIOMFAC-free,ln_gamma_H+,-0.9022621280961844,-0.9111503366081765,0.008888208511992013
c006,0,AIOMFAC-free,ln_gamma_IO3-,-0.6321206737109593,-0.630950896988184,0.0011697767227752953
c006,0,AIOMFAC-free,ln_gamma_HSO4-,-0.33325551203030024,-0.32961237627763657,0.003643135752663673
c006,0,AIOMFAC-free,ln_gamma_HCO3-,-0.44258552096524933,-0.44623461495858663,0.0036490939933372935
c006,0,AIOMFAC-free,ln_gamma_SO4--,-1.874008282921941,-1.8768505179189998,0.0028422349970587124
c006,0,AIOMFAC-free,ln_gamma_CO3--,-1.7952184944046297,-1.804982292474095,0.009763798069465368
c006,0,AIOMFAC-free,ln_gamma_OH-,-0.2503416202859581,-0.25717210158114884,0.00683048129519076
c006,0,gex release 0,ln_gamma_H2O,0.0025396150146194487,0.0025002291036614038,3.938591095804496e-05
c006,0,gex release 0,ln_gamma_Na+,-0.5269623690084856,-0.5224995130112366,0.004462855997248938
c006,0,gex release 0,ln_gamma_H+,-0.9022621280961844,-0.8991321384450139,0.003129989651170506
c006,0,gex release 0,ln_gamma_IO3-,-0.6321206737109593,-0.5792453564418467,0.05287531726911254
c006,0,gex release 0,ln_gamma_HSO4-,-0.33325551203030024,-0.3444854737733416,0.011229961743041361
c006,0,gex release 0,ln_gamma_HCO3-,-0.44258552096524933,-0.4591569710487159,0.016571450083466555
c006,0,gex release 0,ln_gamma_SO4--,-1.874008282921941,-1.9029004653634103,0.028892182441469183
c006,0,gex release 0,ln_gamma_CO3--,-1.7952184944046297,-1.7749171531201111,0.020301341284518548
c006,0,gex release 0,ln_gamma_OH-,-0.2503416202859581,-0.29758693062734354,0.04724531034138546
c006,0,gex release 1,ln_gamma_H2O,0.0025396150146194487,0.0025327521060850375,6.8629085344111725e-06
c006,0,gex release 1,ln_gamma_Na+,-0.5269623690084856,-0.5173811998868443,0.009581169121641309
c006,0,gex release 1,ln_gamma_H+,-0.9022621280961844,-0.9028421622450757,0.0005800341488912952
c006,0,gex release 1,ln_gamma_IO3-,-0.6321206737109593,-0.6116623812041889,0.020458292506770337
c006,0,gex release 1,ln_gamma_HSO4-,-0.33325551203030024,-0.35063443028394603,0.017378918253645792
c006,0,gex release 1,ln_gamma_HCO3-,-0.44258552096524933,-0.45070806607258385,0.008122545107334511
c006,0,gex release 1,ln_gamma_SO4--,-1.874008282921941,-1.9090872187265675,0.0350789358046264
c006,0,gex release 1,ln_gamma_CO3--,-1.7952184944046297,-1.7888756679825697,0.006342826422059966
c006,0,gex release 1,ln_gamma_OH-,-0.2503416202859581,-0.288482552128718,0.038140931842759906
c006,0,gex release 2,ln_gamma_H2O,0.0025396150146194487,0.0025431841794314163,3.5691648119676005e-06
c006,0,gex release 2,ln_gamma_Na+,-0.5269623690084856,-0.5295026366427986,0.0025402676343130315
c006,0,gex release 2,ln_gamma_H+,-0.9022621280961844,-0.9010785236722956,0.0011836044238888732
c006,0,gex release 2,ln_gamma_IO3-,-0.6321206737109593,-0.5925539763352666,0.03956669737569263
c006,0,gex release 2,ln_gamma_HSO4-,-0.33325551203030024,-0.3432304127164403,0.009974900686140042
c006,0,gex release 2,ln_gamma_HCO3-,-0.44258552096524933,-0.4413561645507451,0.0012293564145042235
c006,0,gex release 2,ln_gamma_SO4--,-1.874008282921941,-1.9087311584111046,0.03472287548916353
c006,0,gex release 2,ln_gamma_CO3--,-1.7952184944046297,-1.791266954501087,0.003951539903542578
c006,0,gex release 2,ln_gamma_OH-,-0.2503416202859581,-0.3056705231558192,0.05532890286986114
c006,0,gex release 3,ln_gamma_H2O,0.0025396150146194487,0.0025234413877707855,1.6173626848663223e-05
c006,0,gex release 3,ln_gamma_Na+,-0.5269623690084856,-0.5217541147088718,0.0052082542996138015
c006,0,gex release 3,ln_gamma_H+,-0.9022621280961844,-0.8977412026253906,0.004520925470793857
c006,0,gex release 3,ln_gamma_IO3-,-0.6321206737109593,-0.6035519214710668,0.028568752239892414
c006,0,gex release 3,ln_gamma_HSO4-,-0.33325551203030024,-0.3437884597264613,0.010532947696161088
c006,0,gex release 3,ln_gamma_HCO3-,-0.44258552096524933,-0.4571115883859286,0.014526067420679245
c006,0,gex release 3,ln_gamma_SO4--,-1.874008282921941,-1.911140298228509,0.037132015306567956
c006,0,gex release 3,ln_gamma_CO3--,-1.7952184944046297,-1.8090244612170392,0.013805966812409531
c006,0,gex release 3,ln_gamma_OH-,-0.2503416202859581,-0.31602364708663844,0.06568202680068036
c006,0,gex release 4,ln_gamma_H2O,0.0025396150146194487,0.0025476220100441854,8.006995424736634e-06
c006,0,gex release 4,ln_gamma_Na+,-0.5269623690084856,-0.5213878063870876,0.005574562621397994
c006,0,gex release 4,ln_gamma_H+,-0.9022621280961844,-0.8927045175589439,0.00955761053724058
c006,0,gex release 4,ln_gamma_IO3-,-0.6321206737109593,-0.6301006505672883,0.0020200231436710014
c006,0,gex release 4,ln_gamma_HSO4-,-0.33325551203030024,-0.3353788232767587,0.0021233112464584813
c006,0,gex release 4,ln_gamma_HCO3-,-0.44258552096524933,-0.4607567120469588,0.018171191081709448
c006,0,gex release 4,ln_gamma_SO4--,-1.874008282921941,-1.9173506349749758,0.043342352053034716
c006,0,gex release 4,ln_gamma_CO3--,-1.7952184944046297,-1.7838568924359848,0.011361601968644885
c006,0,gex release 4,ln_gamma_OH-,-0.2503416202859581,-0.295848748645156,0.0455071283591979
c006,1,AIOMFAC-free,ln_gamma_H2O,0.0045108614159797,0.0038874535071406896,0.0006234079088390104
c006,1,AIOMFAC-free,ln_gamma_Ca2+,-1.8014628438923481,-1.6663223560648948,0.13514048782745336
c006,1,AIOMFAC-free,ln_gamma_Na+,-0.7119360463610162,-0.6875015209846104,0.02443452537640578
c006,1,AIOMFAC-free,ln_gamma_H+,-1.4359450385231267,-1.4375048757925424,0.0015598372694156648
c006,1,AIOMFAC-free,ln_gamma_IO3-,-0.663068021704085,-0.6443897405637734,0.01867828114031156
c006,1,AIOMFAC-free,ln_gamma_HSO4-,-0.4749249772345175,-0.4484579562820383,0.026467020952479214
c006,1,AIOMFAC-free,ln_gamma_HCO3-,-0.5337955770970649,-0.5192645751820631,0.014531001915001784
c006,1,AIOMFAC-free,ln_gamma_SO4--,-1.7572679147106043,-1.7158571433650756,0.04141077134552873
c006,1,AIOMFAC-free,ln_gamma_CO3--,-1.91592664606894,-1.8577592728727765,0.058167373196163386
c006,1,AIOMFAC-free,ln_gamma_OH-,-0.21335083951713465,-0.18907128945711746,0.024279550060017197
c006,1,gex release 0,ln_gamma_H2O,0.0045108614159797,0.0038163750475986268,0.0006944863683810733
c006,1,gex release 0,ln_gamma_Ca2+,-1.8014628438923481,-1.6790290480203964,0.12243379587195169
c006,1,gex release 0,ln_gamma_Na+,-0.7119360463610162,-0.6545530237931982,0.05738302256781791
c006,1,gex release 0,ln_gamma_H+,-1.4359450385231267,-1.3899996893051383,0.04594534921798843
c006,1,gex release 0,ln_gamma_IO3-,-0.663068021704085,-0.6177398158676516,0.04532820583643338
c006,1,gex release 0,ln_gamma_HSO4-,-0.4749249772345175,-0.45613816954658604,0.01878680768793145
c006,1,gex release 0,ln_gamma_HCO3-,-0.5337955770970649,-0.5312158522811917,0.002579724815873208
c006,1,gex release 0,ln_gamma_SO4--,-1.7572679147106043,-1.7311042959565217,0.026163618754082574
c006,1,gex release 0,ln_gamma_CO3--,-1.91592664606894,-1.808240689789911,0.10768595627902888
c006,1,gex release 0,ln_gamma_OH-,-0.21335083951713465,-0.21577965821462497,0.0024288186974903148
c006,1,gex release 1,ln_gamma_H2O,0.0045108614159797,0.003948911894082398,0.0005619495218973022
c006,1,gex release 1,ln_gamma_Ca2+,-1.8014628438923481,-1.691931199192016,0.10953164470033205
c006,1,gex release 1,ln_gamma_Na+,-0.7119360463610162,-0.6566716162075226,0.05526443015349358
c006,1,gex release 1,ln_gamma_H+,-1.4359450385231267,-1.4016174776161114,0.034327560907015275
c006,1,gex release 1,ln_gamma_IO3-,-0.663068021704085,-0.6480205245286599,0.015047497175425084
c006,1,gex release 1,ln_gamma_HSO4-,-0.4749249772345175,-0.47572953503141135,0.0008045577968938677
c006,1,gex release 1,ln_gamma_HCO3-,-0.5337955770970649,-0.5383276157244817,0.004532038627416801
c006,1,gex release 1,ln_gamma_SO4--,-1.7572679147106043,-1.7522965055422524,0.004971409168351926
c006,1,gex release 1,ln_gamma_CO3--,-1.91592664606894,-1.8255713003996195,0.09035534566932046
c006,1,gex release 1,ln_gamma_OH-,-0.21335083951713465,-0.25744644930214067,0.04409560978500601
c006,1,gex release 2,ln_gamma_H2O,0.0045108614159797,0.0038499583937370574,0.0006609030222426426
c006,1,gex release 2,ln_gamma_Ca2+,-1.8014628438923481,-1.6920717603493514,0.10939108354299676
c006,1,gex release 2,ln_gamma_Na+,-0.7119360463610162,-0.663438021890363,0.0484980244706531
c006,1,gex release 2,ln_gamma_H+,-1.4359450385231267,-1.3663494280219919,0.06959561050113483
c006,1,gex release 2,ln_gamma_IO3-,-0.663068021704085,-0.6310822324005043,0.03198578930358065
c006,1,gex release 2,ln_gamma_HSO4-,-0.4749249772345175,-0.4556113979634211,0.019313579271096393
c006,1,gex release 2,ln_gamma_HCO3-,-0.5337955770970649,-0.5204069003850361,0.013388676712028813
c006,1,gex release 2,ln_gamma_SO4--,-1.7572679147106043,-1.7081454201835546,0.04912249452704964
c006,1,gex release 2,ln_gamma_CO3--,-1.91592664606894,-1.8437317239091462,0.07219492215979373
c006,1,gex release 2,ln_gamma_OH-,-0.21335083951713465,-0.25802374033251585,0.044672900815381195
c006,1,gex release 3,ln_gamma_H2O,0.0045108614159797,0.003983009153449103,0.0005278522625305967
c006,1,gex release 3,ln_gamma_Ca2+,-1.8014628438923481,-1.694026782677672,0.10743606121467608
c006,1,gex release 3,ln_gamma_Na+,-0.7119360463610162,-0.652993337629411,0.05894270873160512
c006,1,gex release 3,ln_gamma_H+,-1.4359450385231267,-1.3948652596324185,0.04107977889070824
c006,1,gex release 3,ln_gamma_IO3-,-0.663068021704085,-0.6585152903080875,0.004552731395997434
c006,1,gex release 3,ln_gamma_HSO4-,-0.4749249772345175,-0.45447069941576057,0.020454277818756916
c006,1,gex release 3,ln_gamma_HCO3-,-0.5337955770970649,-0.539820614290865,0.006025037193800098
c006,1,gex release 3,ln_gamma_SO4--,-1.7572679147106043,-1.7740141199514954,0.0167462052408911
c006,1,gex release 3,ln_gamma_CO3--,-1.91592664606894,-1.8184271852302154,0.09749946083872452
c006,1,gex release 3,ln_gamma_OH-,-0.21335083951713465,-0.23507620910878524,0.021725369591650584
c006,1,gex release 4,ln_gamma_H2O,0.0045108614159797,0.004071071410711939,0.00043979000526776085
c006,1,gex release 4,ln_gamma_Ca2+,-1.8014628438923481,-1.7013862636919104,0.10007658020043775
c006,1,gex release 4,ln_gamma_Na+,-0.7119360463610162,-0.6721783278088413,0.0397577185521748
c006,1,gex release 4,ln_gamma_H+,-1.4359450385231267,-1.4093358415109734,0.026609197012153363
c006,1,gex release 4,ln_gamma_IO3-,-0.663068021704085,-0.659649882551592,0.003418139152493005
c006,1,gex release 4,ln_gamma_HSO4-,-0.4749249772345175,-0.45085707443433454,0.02406790280018295
c006,1,gex release 4,ln_gamma_HCO3-,-0.5337955770970649,-0.5421261212772157,0.008330544180150778
c006,1,gex release 4,ln_gamma_SO4--,-1.7572679147106043,-1.8209406793303389,0.06367276461973459
c006,1,gex release 4,ln_gamma_CO3--,-1.91592664606894,-1.8365876088770512,0.07933903719188873
c006,1,gex release 4,ln_gamma_OH-,-0.21335083951713465,-0.25546852035805045,0.0421176808409158
c006,2,AIOMFAC-free,ln_gamma_H2O,0.008433108257284182,0.008414748550240585,1.8359707043596324e-05
c006,2,AIOMFAC-free,ln_gamma_Na+,-0.717911172588313,-0.7336364416162845,0.015725269027971445
c006,2,AIOMFAC-free,ln_gamma_H+,-1.1365483074001164,-1.1581554085717822,0.021607101171665866
c006,2,AIOMFAC-free,ln_gamma_IO3-,-0.8756995177148691,-0.873458613351673,0.002240904363196128
c006,2,AIOMFAC-free,ln_gamma_HSO4-,-0.34112736125501003,-0.3305652225603804,0.01056213869462963
c006,2,AIOMFAC-free,ln_gamma_HCO3-,-0.5669897232071791,-0.5770314958386616,0.010041772631482537
c006,2,AIOMFAC-free,ln_gamma_SO4--,-2.5031426816490323,-2.51319717962375,0.010054497974717691
c006,2,AIOMFAC-free,ln_gamma_CO3--,-2.3274330058689228,-2.3543116416389274,0.0268786357700046
c006,2,AIOMFAC-free,ln_gamma_OH-,-0.20394080180441054,-0.22009469594109524,0.016153894136684693
c006,2,gex release 0,ln_gamma_H2O,0.008433108257284182,0.008266065653751271,0.00016704260353291034
c006,2,gex release 0,ln_gamma_Na+,-0.717911172588313,-0.7274102316934734,0.009499059105160357
c006,2,gex release 0,ln_gamma_H+,-1.1365483074001164,-1.2078803935260432,0.07133208612592679
c006,2,gex release 0,ln_gamma_IO3-,-0.8756995177148691,-0.8016806176947036,0.07401890002016553
c006,2,gex release 0,ln_gamma_HSO4-,-0.34112736125501003,-0.3425127155921719,0.0013853543371618593
c006,2,gex release 0,ln_gamma_HCO3-,-0.5669897232071791,-0.591661298598631,0.024671575391451928
c006,2,gex release 0,ln_gamma_SO4--,-2.5031426816490323,-2.5117077750756245,0.008565093426592174
c006,2,gex release 0,ln_gamma_CO3--,-2.3274330058689228,-2.2822474749017956,0.045185530967127185
c006,2,gex release 0,ln_gamma_OH-,-0.20394080180441054,-0.19694985001364573,0.00699095179076481
c006,2,gex release 1,ln_gamma_H2O,0.008433108257284182,0.008833879187744663,0.0004007709304604812
c006,2,gex release 1,ln_gamma_Na+,-0.717911172588313,-0.750553698087892,0.03264252549957891
c006,2,gex release 1,ln_gamma_H+,-1.1365483074001164,-1.2173694082678974,0.08082110086778105
c006,2,gex release 1,ln_gamma_IO3-,-0.8756995177148691,-0.8219478842949192,0.05375163341994993
c006,2,gex release 1,ln_gamma_HSO4-,-0.34112736125501003,-0.33619503083976954,0.004932330415240493
c006,2,gex release 1,ln_gamma_HCO3-,-0.5669897232071791,-0.584446834145596,0.017457110938416842
c006,2,gex release 1,ln_gamma_SO4--,-2.5031426816490323,-2.547625946992402,0.04448326534336955
c006,2,gex release 1,ln_gamma_CO3--,-2.3274330058689228,-2.3228484562662257,0.004584549602697052
c006,2,gex release 1,ln_gamma_OH-,-0.20394080180441054,-0.25328678123785764,0.049345979433447096
c006,2,gex release 2,ln_gamma_H2O,0.008433108257284182,0.008303338692200367,0.00012976956508381488
c006,2,gex release 2,ln_gamma_Na+,-0.717911172588313,-0.7406869773316211,0.022775804743308092
c006,2,gex release 2,ln_gamma_H+,-1.1365483074001164,-1.213049713303201,0.07650140590308463
c006,2,gex release 2,ln_gamma_IO3-,-0.8756995177148691,-0.8542805570099969,0.021418960704872148
c006,2,gex release 2,ln_gamma_HSO4-,-0.34112736125501003,-0.3361914567852091,0.004935904469800911
c006,2,gex release 2,ln_gamma_HCO3-,-0.5669897232071791,-0.5570978296132653,0.009891893593913847
c006,2,gex release 2,ln_gamma_SO4--,-2.5031426816490323,-2.5010663534898088,0.0020763281592235394
c006,2,gex release 2,ln_gamma_CO3--,-2.3274330058689228,-2.329254650878477,0.0018216450095542847
c006,2,gex release 2,ln_gamma_OH-,-0.20394080180441054,-0.2546322007632864,0.050691398958875866
c006,2,gex release 3,ln_gamma_H2O,0.008433108257284182,0.008448674554755876,1.556629747169469e-05
c006,2,gex release 3,ln_gamma_Na+,-0.717911172588313,-0.7364558642616106,0.01854469167329753
c006,2,gex release 3,ln_gamma_H+,-1.1365483074001164,-1.2116627994394267,0.07511449203931031
c006,2,gex release 3,ln_gamma_IO3-,-0.8756995177148691,-0.8143379613145229,0.06136155640034624
c006,2,gex release 3,ln_gamma_HSO4-,-0.34112736125501003,-0.33636521799202246,0.004762143262987573
c006,2,gex release 3,ln_gamma_HCO3-,-0.5669897232071791,-0.5955521836174823,0.028562460410303192
c006,2,gex release 3,ln_gamma_SO4--,-2.5031426816490323,-2.518665039097695,0.015522357448662483
c006,2,gex release 3,ln_gamma_CO3--,-2.3274330058689228,-2.3992988128945942,0.07186580702567147
c006,2,gex release 3,ln_gamma_OH-,-0.20394080180441054,-0.2571789830604785,0.05323818125606794
c006,2,gex release 4,ln_gamma_H2O,0.008433108257284182,0.008476272915660811,4.3164658376629306e-05
c006,2,gex release 4,ln_gamma_Na+,-0.717911172588313,-0.7355791891610368,0.017668016572723766
c006,2,gex release 4,ln_gamma_H+,-1.1365483074001164,-1.1804385356511062,0.04389022825098987
c006,2,gex release 4,ln_gamma_IO3-,-0.8756995177148691,-0.8563720670643866,0.01932745065048247
c006,2,gex release 4,ln_gamma_HSO4-,-0.34112736125501003,-0.3096674458995281,0.03145991535548193
c006,2,gex release 4,ln_gamma_HCO3-,-0.5669897232071791,-0.5978175837146679,0.030827860507488758
c006,2,gex release 4,ln_gamma_SO4--,-2.5031426816490323,-2.5202312452083673,0.01708856355933497
c006,2,gex release 4,ln_gamma_CO3--,-2.3274330058689228,-2.3204455961218913,0.006987409747031492
c006,2,gex release 4,ln_gamma_OH-,-0.20394080180441054,-0.23319284180565392,0.029252040001243373
c006,3,AIOMFAC-free,ln_gamma_H2O,0.005862346947414561,0.004801339101195002,0.001061007846219559
c006,3,AIOMFAC-free,ln_gamma_Ca2+,-2.1226483297067373,-2.0667022422659587,0.05594608744077867
c006,3,AIOMFAC-free,ln_gamma_Na+,-0.6959322260703995,-0.634097694193321,0.06183453187707855
c006,3,AIOMFAC-free,ln_gamma_H+,-0.9956869925425165,-1.021808705616643,0.026121713074126474
c006,3,AIOMFAC-free,ln_gamma_IO3-,-0.751188197790709,-0.7456214468624575,0.00556675092825154
c006,3,AIOMFAC-free,ln_gamma_HSO4-,-0.4468983419589581,-0.40890032482120764,0.03799801713775047
c006,3,AIOMFAC-free,ln_gamma_HCO3-,-0.5563402723213198,-0.5431958466254554,0.013144425695864381
c006,3,AIOMFAC-free,ln_gamma_SO4--,-1.9337171807153388,-1.870498853614465,0.06321832710087372
c006,3,AIOMFAC-free,ln_gamma_CO3--,-2.091227171089679,-2.0086669181135686,0.08256025297611025
c006,3,AIOMFAC-free,ln_gamma_OH-,-0.20063023779019123,-0.1734290970778089,0.027201140712382332
c006,3,gex release 0,ln_gamma_H2O,0.005862346947414561,0.004745309181824715,0.0011170377655898463
c006,3,gex release 0,ln_gamma_Ca2+,-2.1226483297067373,-2.110464949211483,0.012183380495254248
c006,3,gex release 0,ln_gamma_Na+,-0.6959322260703995,-0.6317929476809587,0.06413927838944078
c006,3,gex release 0,ln_gamma_H+,-0.9956869925425165,-1.017502433743041,0.021815441200524477
c006,3,gex release 0,ln_gamma_IO3-,-0.751188197790709,-0.6808652972783356,0.07032290051237344
c006,3,gex release 0,ln_gamma_HSO4-,-0.4468983419589581,-0.40237316338874995,0.04452517857020816
c006,3,gex release 0,ln_gamma_HCO3-,-0.5563402723213198,-0.5453981139958815,0.010942158325438323
c006,3,gex release 0,ln_gamma_SO4--,-1.9337171807153388,-1.8903588268950107,0.043358353820328155
c006,3,gex release 0,ln_gamma_CO3--,-2.091227171089679,-1.973538150411546,0.11768902067813292
c006,3,gex release 0,ln_gamma_OH-,-0.20063023779019123,-0.18885914081200372,0.011771096978187512
c006,3,gex release 1,ln_gamma_H2O,0.005862346947414561,0.00488487672562031,0.0009774702217942507
c006,3,gex release 1,ln_gamma_Ca2+,-2.1226483297067373,-2.100825483098925,0.02182284660781253
c006,3,gex release 1,ln_gamma_Na+,-0.6959322260703995,-0.6281030449942233,0.06782918107617619
c006,3,gex release 1,ln_gamma_H+,-0.9956869925425165,-1.0441083384900685,0.048421345947551986
c006,3,gex release 1,ln_gamma_IO3-,-0.751188197790709,-0.7252815642988888,0.025906633491820208
c006,3,gex release 1,ln_gamma_HSO4-,-0.4468983419589581,-0.410927782855829,0.03597055910312913
c006,3,gex release 1,ln_gamma_HCO3-,-0.5563402723213198,-0.5526703132460968,0.0036699590752229394
c006,3,gex release 1,ln_gamma_SO4--,-1.9337171807153388,-1.8731127294528007,0.060604451262538106
c006,3,gex release 1,ln_gamma_CO3--,-2.091227171089679,-2.0015996855940896,0.08962748549558919
c006,3,gex release 1,ln_gamma_OH-,-0.20063023779019123,-0.2178529755616352,0.017222737771443952
c006,3,gex release 2,ln_gamma_H2O,0.005862346947414561,0.004769673551913673,0.0010926733955008879
c006,3,gex release 2,ln_gamma_Ca2+,-2.1226483297067373,-2.1362282804220967,0.013579950715359335
c006,3,gex release 2,ln_gamma_Na+,-0.6959322260703995,-0.6425191621201694,0.053413063950230155
c006,3,gex release 2,ln_gamma_H+,-0.9956869925425165,-1.015670306103839,0.019983313561322547
c006,3,gex release 2,ln_gamma_IO3-,-0.751188197790709,-0.686370496286703,0.06481770150400601
c006,3,gex release 2,ln_gamma_HSO4-,-0.4468983419589581,-0.40156798366100266,0.04533035829795545
c006,3,gex release 2,ln_gamma_HCO3-,-0.5563402723213198,-0.5358940534003115,0.020446218921008286
c006,3,gex release 2,ln_gamma_SO4--,-1.9337171807153388,-1.8572400456848706,0.07647713503046827
c006,3,gex release 2,ln_gamma_CO3--,-2.091227171089679,-2.008606090113047,0.08262108097663168
c006,3,gex release 2,ln_gamma_OH-,-0.20063023779019123,-0.21995789513943986,0.019327657349248628
c006,3,gex release 3,ln_gamma_H2O,0.005862346947414561,0.004970615982357637,0.0008917309650569236
c006,3,gex release 3,ln_gamma_Ca2+,-2.1226483297067373,-2.121809668744077,0.0008386609626604979
c006,3,gex release 3,ln_gamma_Na+,-0.6959322260703995,-0.6387158009726046,0.0572164250977949
c006,3,gex release 3,ln_gamma_H+,-0.9956869925425165,-1.032814626384066,0.0371276338415496
c006,3,gex release 3,ln_gamma_IO3-,-0.751188197790709,-0.7194232088284742,0.031764988962234786
c006,3,gex release 3,ln_gamma_HSO4-,-0.4468983419589581,-0.3941205602723541,0.05277778168660402
c006,3,gex release 3,ln_gamma_HCO3-,-0.5563402723213198,-0.5534828645853582,0.002857407735961548
c006,3,gex release 3,ln_gamma_SO4--,-1.9337171807153388,-1.8881482754489405,0.04556890526639834
c006,3,gex release 3,ln_gamma_CO3--,-2.091227171089679,-1.9906282087184697,0.10059896237120913
c006,3,gex release 3,ln_gamma_OH-,-0.20063023779019123,-0.20872160340610035,0.008091365615909119
c006,3,gex release 4,ln_gamma_H2O,0.005862346947414561,0.004905212254765798,0.0009571346926487631
c006,3,gex release 4,ln_gamma_Ca2+,-2.1226483297067373,-2.113125979083799,0.00952235062293827
c006,3,gex release 4,ln_gamma_Na+,-0.6959322260703995,-0.6328700150330786,0.0630622110373209
c006,3,gex release 4,ln_gamma_H+,-0.9956869925425165,-1.0343672489375577,0.038680256395041246
c006,3,gex release 4,ln_gamma_IO3-,-0.751188197790709,-0.742528352022237,0.008659845768472008
c006,3,gex release 4,ln_gamma_HSO4-,-0.4468983419589581,-0.3724606314996284,0.07443771045932973
c006,3,gex release 4,ln_gamma_HCO3-,-0.5563402723213198,-0.5497829575249523,0.006557314796367453
c006,3,gex release 4,ln_gamma_SO4--,-1.9337171807153388,-1.9203671792213028,0.013350001494035979
c006,3,gex release 4,ln_gamma_CO3--,-2.091227171089679,-1.9974668836715543,0.09376028741812448
c006,3,gex release 4,ln_gamma_OH-,-0.20063023779019123,-0.20763034190718033,0.007000104116989092
c006,4,AIOMFAC-free,ln_gamma_H2O,0.011717719323283346,0.011640437748967558,7.728157431578786e-05
c006,4,AIOMFAC-free,ln_gamma_Na+,-0.7373845641938694,-0.7526528714597974,0.015268307265927983
c006,4,AIOMFAC-free,ln_gamma_H+,-1.1403743761182485,-1.1608238770262025,0.020449500907953944
c006,4,AIOMFAC-free,ln_gamma_IO3-,-1.1819710637558458,-1.1841422989574748,0.002171235201628985
c006,4,AIOMFAC-free,ln_gamma_HSO4-,-0.21941391200488444,-0.20605828715041508,0.013355624854469367
c006,4,AIOMFAC-free,ln_gamma_HCO3-,-0.6235746378701866,-0.6328649381377671,0.009290300267580487
c006,4,AIOMFAC-free,ln_gamma_SO4--,-2.844669382965511,-2.855477775949185,0.010808392983673976
c006,4,AIOMFAC-free,ln_gamma_CO3--,-2.3950380117737002,-2.4171679448880172,0.02212993311431699
c006,4,AIOMFAC-free,ln_gamma_OH-,-0.20104595676815692,-0.21514763832563188,0.01410168155747496
c006,4,gex release 0,ln_gamma_H2O,0.011717719323283346,0.011592101779583766,0.0001256175436995799
c006,4,gex release 0,ln_gamma_Na+,-0.7373845641938694,-0.7634752869527246,0.026090722758855156
c006,4,gex release 0,ln_gamma_H+,-1.1403743761182485,-1.205306404161791,0.06493202804354237
c006,4,gex release 0,ln_gamma_IO3-,-1.1819710637558458,-1.1069041280256684,0.07506693573017742
c006,4,gex release 0,ln_gamma_HSO4-,-0.21941391200488444,-0.19722233897541774,0.0221915730294667
c006,4,gex release 0,ln_gamma_HCO3-,-0.6235746378701866,-0.6397530606452282,0.016178422775041557
c006,4,gex release 0,ln_gamma_SO4--,-2.844669382965511,-2.8324995433717293,0.012169839593781706
c006,4,gex release 0,ln_gamma_CO3--,-2.3950380117737002,-2.3465915623767772,0.048446449396923
c006,4,gex release 0,ln_gamma_OH-,-0.20104595676815692,-0.14643480679170473,0.054611149976452195
c006,4,gex release 1,ln_gamma_H2O,0.011717719323283346,0.011978786544557023,0.0002610672212736767
c006,4,gex release 1,ln_gamma_Na+,-0.7373845641938694,-0.7867709125287594,0.04938634833488997
c006,4,gex release 1,ln_gamma_H+,-1.1403743761182485,-1.2054410697163727,0.06506669359812411
c006,4,gex release 1,ln_gamma_IO3-,-1.1819710637558458,-1.1180106614801266,0.0639604022757192
c006,4,gex release 1,ln_gamma_HSO4-,-0.21941391200488444,-0.2039016090933582,0.015512302911526249
c006,4,gex release 1,ln_gamma_HCO3-,-0.6235746378701866,-0.6246823752282773,0.0011077373580906658
c006,4,gex release 1,ln_gamma_SO4--,-2.844669382965511,-2.8502386369049306,0.005569253939419649
c006,4,gex release 1,ln_gamma_CO3--,-2.3950380117737002,-2.383709505970232,0.011328505803468225
c006,4,gex release 1,ln_gamma_OH-,-0.20104595676815692,-0.23115939113759731,0.03011343436944039
c006,4,gex release 2,ln_gamma_H2O,0.011717719323283346,0.011364099216123219,0.00035362010716012693
c006,4,gex release 2,ln_gamma_Na+,-0.7373845641938694,-0.7619788755721966,0.024594311378327127
c006,4,gex release 2,ln_gamma_H+,-1.1403743761182485,-1.197694944751979,0.05732056863373036
c006,4,gex release 2,ln_gamma_IO3-,-1.1819710637558458,-1.173605981021876,0.008365082733969853
c006,4,gex release 2,ln_gamma_HSO4-,-0.21941391200488444,-0.1962695372601586,0.023144374744725832
c006,4,gex release 2,ln_gamma_HCO3-,-0.6235746378701866,-0.6075553062754522,0.016019331594734454
c006,4,gex release 2,ln_gamma_SO4--,-2.844669382965511,-2.828586991687941,0.01608239127756983
c006,4,gex release 2,ln_gamma_CO3--,-2.3950380117737002,-2.40749790609346,0.012459894319759801
c006,4,gex release 2,ln_gamma_OH-,-0.20104595676815692,-0.24165566098767055,0.040609704219513626
c006,4,gex release 3,ln_gamma_H2O,0.011717719323283346,0.01155909304095129,0.00015862628233205556
c006,4,gex release 3,ln_gamma_Na+,-0.7373845641938694,-0.7641199504775535,0.026735386283684104
c006,4,gex release 3,ln_gamma_H+,-1.1403743761182485,-1.1905858769273472,0.05021150080909864
c006,4,gex release 3,ln_gamma_IO3-,-1.1819710637558458,-1.1310439450071246,0.050927118748721245
c006,4,gex release 3,ln_gamma_HSO4-,-0.21941391200488444,-0.20085217684034262,0.01856173516454182
c006,4,gex release 3,ln_gamma_HCO3-,-0.6235746378701866,-0.6553248311602681,0.03175019329008144
c006,4,gex release 3,ln_gamma_SO4--,-2.844669382965511,-2.8349290341779363,0.009740348787574682
c006,4,gex release 3,ln_gamma_CO3--,-2.3950380117737002,-2.492617987277124,0.0975799755034239
c006,4,gex release 3,ln_gamma_OH-,-0.20104595676815692,-0.22675962951918116,0.025713672751024236
c006,4,gex release 4,ln_gamma_H2O,0.011717719323283346,0.011498974330235744,0.00021874499304760237
c006,4,gex release 4,ln_gamma_Na+,-0.7373845641938694,-0.7699219564673181,0.03253739227344865
c006,4,gex release 4,ln_gamma_H+,-1.1403743761182485,-1.175784526821242,0.03541015070299336
c006,4,gex release 4,ln_gamma_IO3-,-1.1819710637558458,-1.149064796332154,0.03290626742369174
c006,4,gex release 4,ln_gamma_HSO4-,-0.21941391200488444,-0.18781401847642143,0.03159989352846301
c006,4,gex release 4,ln_gamma_HCO3-,-0.6235746378701866,-0.6471362780187335,0.023561640148546892
c006,4,gex release 4,ln_gamma_SO4--,-2.844669382965511,-2.8105181152084344,0.03415126775707655
c006,4,gex release 4,ln_gamma_CO3--,-2.3950380117737002,-2.3939905692982926,0.0010474424754076672
c006,4,gex release 4,ln_gamma_OH-,-0.20104595676815692,-0.2058422687771424,0.004796312008985476
c006,5,AIOMFAC-free,ln_gamma_H2O,0.011948025995558291,0.011819374264638582,0.0001286517309197089
c006,5,AIOMFAC-free,ln_gamma_Na+,-0.7339677451281886,-0.7449269002121741,0.010959155083985483
c006,5,AIOMFAC-free,ln_gamma_H+,-0.835604236441766,-0.8474816521403482,0.01187741569858225
c006,5,AIOMFAC-free,ln_gamma_IO3-,-1.4214373347216638,-1.4242676481289656,0.0028303134073017766
c006,5,AIOMFAC-free,ln_gamma_HSO4-,-0.10381180145483714,-0.09257649566793802,0.011235305786899116
c006,5,AIOMFAC-free,ln_gamma_HCO3-,-0.6751036136665318,-0.6811055772277971,0.0060019635612652555
c006,5,AIOMFAC-free,ln_gamma_SO4--,-3.1888819898629466,-3.1965073654383622,0.007625375575415649
c006,5,AIOMFAC-free,ln_gamma_CO3--,-2.5518723140619235,-2.565781816917446,0.013909502855522504
c006,5,AIOMFAC-free,ln_gamma_OH-,-0.18334164865434222,-0.191727294287047,0.008385645632704775
c006,5,gex release 0,ln_gamma_H2O,0.011948025995558291,0.011647086319082733,0.00030093967647555793
c006,5,gex release 0,ln_gamma_Na+,-0.7339677451281886,-0.7513846911570716,0.017416946028882996
c006,5,gex release 0,ln_gamma_H+,-0.835604236441766,-0.8649934091082092,0.029389172666443253
c006,5,gex release 0,ln_gamma_IO3-,-1.4214373347216638,-1.3737417696429273,0.04769556507873651
c006,5,gex release 0,ln_gamma_HSO4-,-0.10381180145483714,-0.09011564281254003,0.013696158642297104
c006,5,gex release 0,ln_gamma_HCO3-,-0.6751036136665318,-0.6992126966744345,0.02410908300790271
c006,5,gex release 0,ln_gamma_SO4--,-3.1888819898629466,-3.179129508487449,0.009752481375497446
c006,5,gex release 0,ln_gamma_CO3--,-2.5518723140619235,-2.5362979340984455,0.015574379963477991
c006,5,gex release 0,ln_gamma_OH-,-0.18334164865434222,-0.11778252956665236,0.06555911908768985
c006,5,gex release 1,ln_gamma_H2O,0.011948025995558291,0.011847268079402465,0.00010075791615582648
c006,5,gex release 1,ln_gamma_Na+,-0.7339677451281886,-0.7800925008858677,0.04612475575767905
c006,5,gex release 1,ln_gamma_H+,-0.835604236441766,-0.8742971993605773,0.0386929629188113
c006,5,gex release 1,ln_gamma_IO3-,-1.4214373347216638,-1.346364472176894,0.07507286254476986
c006,5,gex release 1,ln_gamma_HSO4-,-0.10381180145483714,-0.08542687049841957,0.018384930956417564
c006,5,gex release 1,ln_gamma_HCO3-,-0.6751036136665318,-0.6628466514081806,0.012256962258351267
c006,5,gex release 1,ln_gamma_SO4--,-3.1888819898629466,-3.1775795373891933,0.011302452473753277
c006,5,gex release 1,ln_gamma_CO3--,-2.5518723140619235,-2.5691896354738915,0.017317321411967956
c006,5,gex release 1,ln_gamma_OH-,-0.18334164865434222,-0.19015062664692417,0.006808977992581955
c006,5,gex release 2,ln_gamma_H2O,0.011948025995558291,0.010902687643258371,0.00104533835229992
c006,5,gex release 2,ln_gamma_Na+,-0.7339677451281886,-0.7451890420267038,0.011221296898515143
c006,5,gex release 2,ln_gamma_H+,-0.835604236441766,-0.8433405893053203,0.007736352863554341
c006,5,gex release 2,ln_gamma_IO3-,-1.4214373347216638,-1.4247030373338552,0.00326570261219139
c006,5,gex release 2,ln_gamma_HSO4-,-0.10381180145483714,-0.09040403149117948,0.013407769963657654
c006,5,gex release 2,ln_gamma_HCO3-,-0.6751036136665318,-0.6692523368596643,0.005851276806867478
c006,5,gex release 2,ln_gamma_SO4--,-3.1888819898629466,-3.1514902365985513,0.037391753264395255
c006,5,gex release 2,ln_gamma_CO3--,-2.5518723140619235,-2.6136982266496886,0.06182591258776515
c006,5,gex release 2,ln_gamma_OH-,-0.18334164865434222,-0.223819730510586,0.0404780818562438
c006,5,gex release 3,ln_gamma_H2O,0.011948025995558291,0.011270169571128058,0.0006778564244302333
c006,5,gex release 3,ln_gamma_Na+,-0.7339677451281886,-0.7466055335691988,0.012637788441010156
c006,5,gex release 3,ln_gamma_H+,-0.835604236441766,-0.8358883267682109,0.00028409032644494125
c006,5,gex release 3,ln_gamma_IO3-,-1.4214373347216638,-1.3984043499876546,0.023032984734009165
c006,5,gex release 3,ln_gamma_HSO4-,-0.10381180145483714,-0.08458133239049936,0.01923046906433777
c006,5,gex release 3,ln_gamma_HCO3-,-0.6751036136665318,-0.7274223917252252,0.05231877805869334
c006,5,gex release 3,ln_gamma_SO4--,-3.1888819898629466,-3.1815464220368272,0.007335567826119327
c006,5,gex release 3,ln_gamma_CO3--,-2.5518723140619235,-2.708400897735034,0.1565285836731105
c006,5,gex release 3,ln_gamma_OH-,-0.18334164865434222,-0.1918305320179008,0.008488883363558575
c006,5,gex release 4,ln_gamma_H2O,0.011948025995558291,0.011672013115018476,0.0002760128805398155
c006,5,gex release 4,ln_gamma_Na+,-0.7339677451281886,-0.7628915214816672,0.028923776353478536
c006,5,gex release 4,ln_gamma_H+,-0.835604236441766,-0.8282721603391758,0.007332076102590124
c006,5,gex release 4,ln_gamma_IO3-,-1.4214373347216638,-1.4124068440559783,0.009030490665685509
c006,5,gex release 4,ln_gamma_HSO4-,-0.10381180145483714,-0.08206539907925725,0.021746402375579885
c006,5,gex release 4,ln_gamma_HCO3-,-0.6751036136665318,-0.7123540451441331,0.03725043147760132
c006,5,gex release 4,ln_gamma_SO4--,-3.1888819898629466,-3.1593000845562047,0.029581905306741874
c006,5,gex release 4,ln_gamma_CO3--,-2.5518723140619235,-2.5750152080678466,0.023142894005923065
c006,5,gex release 4,ln_gamma_OH-,-0.18334164865434222,-0.17791617079874467,0.005425477855597549
