ethanol_wt,m,exp,AIOMFAC,Option A,Option C,lnref_AIOMFAC,lnref_A,lnref_C,ln_AIOMFAC,ln_A,ln_C
0.05,0.1,0.7557452354072817,0.7565327774953665,0.7736590209366998,0.7804723019507366,0.18431523436231245,0.019073634880577117,0.19694781220937863,-0.09469418451064948,-0.23755040900416802,-0.05090821501809595
0.05,0.2,0.7014812185352681,0.6999464276932347,0.7208046578201162,0.7248512259114375,0.18431523436231245,0.019073634880577117,0.19694781220937863,-0.17243624437194027,-0.3083134758137209,-0.12484103861503826
0.05,0.5,0.6287472443968727,0.6258510899361001,0.6502118576774077,0.6277514340566417,0.18431523436231245,0.019073634880577117,0.19694781220937863,-0.28432757731802827,-0.4113833994287943,-0.2686631842985787
0.05,1.0,0.5794518238799795,0.5784761916946803,0.6036645971386394,0.5784944885644241,0.18431523436231245,0.019073634880577117,0.19694781220937863,-0.3630426540712297,-0.48566290315501615,-0.35037844729862977
0.05,1.5,0.5575891406699862,0.5584750778522198,0.5837800752789531,0.5530196655378129,0.18431523436231245,0.019073634880577117,0.19694781220937863,-0.39823005046840576,-0.5191573156251283,-0.3954139043315219
0.05,2.0,0.5484606607653392,0.5495778866094323,0.5751260909792482,0.5407905805807168,0.18431523436231245,0.019073634880577117,0.19694781220937863,-0.4142895399479486,-0.5340923386848911,-0.4177753597609343
0.1,0.1,0.7501659655249695,0.7367960452690687,0.7699651867435545,0.7744330889265818,0.381140946464841,0.05066032696533718,0.40492902528662356,0.07569678496785004,-0.21074965021252234,0.14930500982326178
0.1,0.2,0.6973524763460259,0.6764619628087297,0.7169422507776214,0.7129294881124747,0.381140946464841,0.05066032696533718,0.40492902528662356,-0.009738112934034149,-0.28209965750943455,0.06655626717547314
0.1,0.5,0.628514482482398,0.5983918375887535,0.6467145817886181,0.5964753981962,0.381140946464841,0.05066032696533718,0.40492902528662356,-0.1323685463431855,-0.38518989582306606,-0.11178825660204794
0.1,1.0,0.5828322674255088,0.5492626255254747,0.6012890370693228,0.547293569108678,0.381140946464841,0.05066032696533718,0.40492902528662356,-0.2180376346702071,-0.4580192061858399,-0.19784090582721325
0.1,1.5,0.5620855712010794,0.5287614203624365,0.5826512641109568,0.5186223511000193,0.381140946464841,0.05066032696533718,0.40492902528662356,-0.2560770035958529,-0.4895061194110082,-0.2516502825994745
0.1,2.0,0.5521094439109808,0.5196872734302718,0.575233916677672,0.5053263254313,0.381140946464841,0.05066032696533718,0.40492902528662356,-0.27338709910316306,-0.5023181823315161,-0.27762184413747937
0.15,0.1,0.7247276360322183,0.7175745846087843,0.7660455940801634,0.7577707219945847,0.5788964310342131,0.08327113399023212,0.6127223348306536,0.24701804495761914,-0.18324245472483192,0.3353479181556147
0.15,0.2,0.6641212547642976,0.6537660979732224,0.7128719254637647,0.6886725291447934,0.5788964310342131,0.08327113399023212,0.6127223348306536,0.15389079117885984,-0.25518236839314756,0.23973292961871362
0.15,0.5,0.58591277438106,0.5721386398252906,0.6430977687681237,0.5618907389454441,0.5788964310342131,0.08327113399023212,0.6127223348306536,0.02052249138017892,-0.35818738135154904,0.03627447215340052
0.15,1.0,0.5356927520202972,0.521526257567212,0.5989632680714848,0.5141196985556122,0.5788964310342131,0.08327113399023212,0.6127223348306536,-0.07209922469367602,-0.429283870841064,-0.05257682924051821
0.15,1.5,0.5120137602636562,0.5006307905239318,0.5817377009499973,0.48387189391542307,0.5788964310342131,0.08327113399023212,0.6127223348306536,-0.11298996360256625,-0.458464484502696,-0.11321275446224016
0.15,2.0,0.49748650039401304,0.49142437813715734,0.5757084559880764,0.4708411811740604,0.5788964310342131,0.08327113399023212,0.6127223348306536,-0.13155077953263394,-0.46888276523306016,-0.1405121019576011
0.2,0.1,0.7093298408026719,0.6988556823987423,0.7618742927630834,0.7297799868902018,0.7775488172637033,0.11697354577083807,0.8199910899574032,0.41923779625010127,-0.155000161260908,0.5049789118696246
0.2,0.2,0.6441072197617995,0.6318336734560877,0.7085729388832387,0.6532392519677725,0.7775488172637033,0.11697354577083807,0.8199910899574032,0.31841972288057585,-0.2275287310614691,0.3941792620722788
0.2,0.5,0.5567368934276076,0.5470413023736471,0.6393599582245739,0.5263130008458907,0.7775488172637033,0.11697354577083807,0.8199910899574032,0.17431784493465308,-0.33031412253060977,0.17813190537816437
0.2,1.0,0.4985317561227703,0.49519721349396945,0.5967198454686133,0.48092668347795714,0.7775488172637033,0.11697354577083807,0.8199910899574032,0.07474963260455669,-0.3993340005324275,0.08795064426137333
0.2,1.5,0.4740209345570142,0.4740055061268369,0.5811028986291364,0.4509022273451726,0.7775488172637033,0.11697354577083807,0.8199910899574032,0.031012476210517725,-0.4258538859665719,0.023486336166490318
0.2,2.0,0.4654631956517554,0.4647089389713607,0.5766399036027023,0.4393153598327879,0.7775488172637033,0.11697354577083807,0.8199910899574032,0.011204810192138925,-0.4335637454020689,-0.0025466743182764873
