seed,case,n,H2O A,organic A,cation A,anion A,H2O C,organic C,cation C,anion C
0,interpolation,2304,0.009673158850484124,0.44349782702422136,0.9310802142194314,0.515562298270924,0.0005917160956746498,0.0329323428307632,0.02449774856106494,0.016630517751186284
0,unseen salt,1920,0.0125445614761999,0.6152303605311101,0.4235689929504224,0.3444585280372729,0.0026435260515888927,0.1347988400869457,0.06557823032341872,0.13858717503143744
0,unseen organic,1920,0.017363132056166897,0.9522378966204954,0.8509701651436254,0.3456288199353462,0.0016611151747002511,0.11452753663811448,0.06362134573445327,0.040264047850450936
0,unseen organic (guarded),1920,0.017363132056166897,0.9522378966204954,0.8509701651436254,0.3456288199353462,0.0016611151747002511,0.11452753663811448,0.06362134573445327,0.040264047850450936
0,unseen organic and salt,480,0.012473217632793942,0.7402551455935522,0.42751389954292773,0.3400082560148558,0.0033565549823131842,0.21536434635272722,0.08915913640774743,0.14633212153436828
0,unseen organic and salt (guarded),480,0.012473217632793942,0.7402551455935522,0.42751389954292773,0.3400082560148558,0.0033565549823131842,0.21536434635272722,0.08915913640774743,0.14633212153436828
1,interpolation,2304,0.009673158850484124,0.44349782702422136,0.9310802142194314,0.515562298270924,0.0006412625692909741,0.033672660864179665,0.029660284532273404,0.020629742220188874
1,unseen salt,1920,0.0125445614761999,0.6152303605311101,0.4235689929504224,0.3444585280372729,0.0034477244012719693,0.11217134359703204,0.08556373172676927,0.1405027441084383
1,unseen organic,1920,0.017363132056166897,0.9522378966204954,0.8509701651436254,0.3456288199353462,0.001310605666452609,0.07471907710786022,0.043431034941972105,0.03431788373983305
1,unseen organic (guarded),1920,0.017363132056166897,0.9522378966204954,0.8509701651436254,0.3456288199353462,0.001310605666452609,0.07471907710786022,0.043431034941972105,0.03431788373983305
1,unseen organic and salt,480,0.012473217632793942,0.7402551455935522,0.42751389954292773,0.3400082560148558,0.0039599767493539995,0.13812423277464994,0.09549998545019607,0.15501508833983266
1,unseen organic and salt (guarded),480,0.012473217632793942,0.7402551455935522,0.42751389954292773,0.3400082560148558,0.0039599767493539995,0.13812423277464994,0.09549998545019607,0.15501508833983266
2,interpolation,2304,0.009673158850484124,0.44349782702422136,0.9310802142194314,0.515562298270924,0.0006033121249356035,0.03227729501352329,0.025919329828831526,0.017791578994470987
2,unseen salt,1920,0.0125445614761999,0.6152303605311101,0.4235689929504224,0.3444585280372729,0.001897976420603432,0.06699831474732282,0.05220607984975853,0.07951950610590296
2,unseen organic,1920,0.017363132056166897,0.9522378966204954,0.8509701651436254,0.3456288199353462,0.0012973840161293745,0.07767107942131082,0.048537837903430435,0.03440567085858447
2,unseen organic (guarded),1920,0.017363132056166897,0.9522378966204954,0.8509701651436254,0.3456288199353462,0.0012973840161293745,0.07767107942131082,0.048537837903430435,0.03440567085858447
2,unseen organic and salt,480,0.012473217632793942,0.7402551455935522,0.42751389954292773,0.3400082560148558,0.002163084798566891,0.09592657748470877,0.061679836320369205,0.07762419222457276
2,unseen organic and salt (guarded),480,0.012473217632793942,0.7402551455935522,0.42751389954292773,0.3400082560148558,0.002163084798566891,0.09592657748470877,0.061679836320369205,0.07762419222457276
