wo,ws,t_H2O,a_H2O,c_H2O,t_organic,a_organic,c_organic,t_cation,a_cation,c_cation,t_anion,a_anion,c_anion,t_lngpm,a_lngpm,c_lngpm
0.03,0.02,0.002168804789405206,0.0021925410322198393,0.0019810987364865134,-0.8296802409670851,-0.8396384455856335,-0.7984489165205234,-0.5295540084415409,-0.5192959197017136,-0.48807235933512266,-1.8531672912086448,-1.8832600770782646,-1.8681205343256557,-1.1742514100060544,-1.1841687585709506,-1.1609872070113507
0.03,0.05,0.006839948507525041,0.006989733035988982,0.006731467194013441,-0.8209302893566495,-0.8393072389775472,-0.7589521759762771,-0.7309160559396366,-0.7315513642834416,-0.725143364455475,-2.4254398718957404,-2.451041169509552,-2.4257900830498946,-1.5735840498845675,-1.5867023528633757,-1.5708728097195634
0.03,0.08,0.012133957201641895,0.0124235398166115,0.012010828515907741,-0.8079200124826045,-0.8389430971259055,-0.7290774023109269,-0.8552421579952445,-0.8624711112008047,-0.8555644550003616,-2.734029998779591,-2.753364156171654,-2.7309231920079826,-1.8032036362742145,-1.8164851915730265,-1.8018113813909689
0.07,0.02,0.0022228859642054975,0.002113829037500488,0.0016719687348554153,-0.8257277608269256,-0.8188988015018129,-0.7818973635320832,-0.5467107781276512,-0.5276937821753258,-0.46408383441110823,-1.8502486547274204,-1.9082676904935605,-1.865825202928565,-1.146437256697276,-1.1659382766041833,-1.1129120589395765
0.07,0.05,0.007010123981222829,0.007144879300062907,0.006608357961951362,-0.8161298517068412,-0.8174791291580229,-0.7464575297173595,-0.7469089898771708,-0.7427746694003768,-0.7292529974441507,-2.4221889213886243,-2.477937180450664,-2.4182698177658604,-1.5443550673195037,-1.5701620366121265,-1.533567519291612
0.07,0.08,0.012416028460104256,0.012832048372911,0.011920608045375406,-0.8022279401081542,-0.8159497167226837,-0.7171544600321641,-0.870760138513023,-0.8746680223015525,-0.8596918835409652,-2.7301258562628714,-2.78052727128898,-2.7256497562475555,-1.7727178764623508,-1.7998725258696697,-1.7649456989686638
0.11,0.02,0.002218614366155121,0.0017766742489159827,0.0011806557643889298,-0.8200605844704967,-0.7920357943962876,-0.7597382912241649,-0.5645060566376063,-0.5365950909084315,-0.45195054021605024,-1.8461306923165592,-1.9345271968381113,-1.856730825551024,-1.1170780537428833,-1.1473208231390717,-1.0661003621493377
0.11,0.05,0.007116316100122373,0.007050887008179765,0.006311995652435868,-0.8095119162544773,-0.7897097230761276,-0.728129736206311,-0.7635558620860117,-0.7546140786873478,-0.7354643403827559,-2.4176255901000676,-2.506066609312133,-2.4104953427253024,-1.5134825726901404,-1.553232190596841,-1.49587168815113
0.11,0.08,0.012626643938897196,0.013000076669878286,0.011640411811047004,-0.7946099927011105,-0.7872535587913839,-0.6992083234863514,-0.8869497000247959,-0.8874475740069164,-0.8656275528508621,-2.7247955971331086,-2.808835351149501,-2.718182644990857,-1.740487925310651,-1.7827567393099075,-1.7265203756525582
0.15,0.02,0.0021181838360673708,0.001263637827030771,0.0006103983271833852,-0.8125112330462687,-0.7669376583048235,-0.7398832549660252,-0.5829971451584894,-0.5460541381653137,-0.45222898615016466,-1.840735021109933,-1.9621537496223256,-1.8413432528743452,-1.0860682455957402,-1.1283061063553488,-1.0209882819737843
0.15,0.05,0.007116931281072561,0.006808839049786286,0.005939519577411028,-0.800898721529324,-0.7642791037137661,-0.7121392341596706,-0.780917039132647,-0.7671271161760916,-0.7436894366002617,-2.4116639678014984,-2.5355433761908364,-2.401653253509582,-1.4808530190528657,-1.5358977617692569,-1.4572338606407147
0.15,0.08,0.0127198413603314,0.013048737628115311,0.011273386012927095,-0.7848776493368992,-0.7615325239442088,-0.6837189923580014,-0.9038747451815783,-0.900854597888397,-0.8732247765297158,-2.7179462458039154,-2.8383620216320526,-2.7081275696604488,-1.706392235443663,-1.7650900497111408,-1.6861579130459985
