case,point,seed,species,truth,pred,abs_err
c005,0,0,ln_gamma_H2O,0.0025657387155192672,0.022270866,0.01970512702287261
c005,0,0,ln_gamma_Na+,-0.5128074671636331,-0.46042746,0.05238000410897614
c005,0,0,ln_gamma_H+,-0.8128490726771344,-0.60426986,0.20857921050214656
c005,0,0,ln_gamma_HSO4-,-0.34627478997133215,-0.34218246,0.004092332524280151
c005,0,0,ln_gamma_HCO3-,-0.45102104853964464,-0.4212636,0.02975744318342821
c005,0,0,ln_gamma_SO4--,-1.9189948747326764,-2.019705,0.10071018241148866
c005,0,0,ln_gamma_CO3--,-1.842372141108848,-2.0172799,0.17490772224869588
c005,0,0,ln_gamma_OH-,-0.2624020224918974,-0.24985853,0.012543494116271814
c005,0,1,ln_gamma_H2O,0.0025657387155192672,-0.0014006714,0.0039664101491766746
c005,0,1,ln_gamma_Na+,-0.5128074671636331,-0.45726824,0.05553922909600617
c005,0,1,ln_gamma_H+,-0.8128490726771344,-0.6663488,0.14650025771283992
c005,0,1,ln_gamma_HSO4-,-0.34627478997133215,-0.31600308,0.030271705788592895
c005,0,1,ln_gamma_HCO3-,-0.45102104853964464,-0.41872084,0.03230020713186876
c005,0,1,ln_gamma_SO4--,-1.9189948747326764,-2.020371,0.10137608550291932
c005,0,1,ln_gamma_CO3--,-1.842372141108848,-1.8841133,0.041741170658730065
c005,0,1,ln_gamma_OH-,-0.2624020224918974,-0.2702254,0.007823383201156775
c005,0,2,ln_gamma_H2O,0.0025657387155192672,-0.0019394811,0.00450521983980115
c005,0,2,ln_gamma_Na+,-0.5128074671636331,-0.48825967,0.024547794045041815
c005,0,2,ln_gamma_H+,-0.8128490726771344,-0.6830692,0.1297798435511578
c005,0,2,ln_gamma_HSO4-,-0.34627478997133215,-0.3305239,0.015750881833057007
c005,0,2,ln_gamma_HCO3-,-0.45102104853964464,-0.45237482,0.0013537674012122913
c005,0,2,ln_gamma_SO4--,-1.9189948747326764,-2.0327735,0.1137786199877826
c005,0,2,ln_gamma_CO3--,-1.842372141108848,-1.7999349,0.04243727706465861
c005,0,2,ln_gamma_OH-,-0.2624020224918974,-0.2663922,0.003990178693329016
c005,0,3,ln_gamma_H2O,0.0025657387155192672,-0.017531017,0.020096755557050067
c005,0,3,ln_gamma_Na+,-0.5128074671636331,-0.47421846,0.03858900922639252
c005,0,3,ln_gamma_H+,-0.8128490726771344,-0.6687084,0.14414068864011653
c005,0,3,ln_gamma_HSO4-,-0.34627478997133215,-0.31013674,0.036138054532031616
c005,0,3,ln_gamma_HCO3-,-0.45102104853964464,-0.43295172,0.018069329970842762
c005,0,3,ln_gamma_SO4--,-1.9189948747326764,-2.083004,0.164009123070058
c005,0,3,ln_gamma_CO3--,-1.842372141108848,-1.807169,0.035203180537559
c005,0,3,ln_gamma_OH-,-0.2624020224918974,-0.26507652,0.0026744955668794312
c005,0,4,ln_gamma_H2O,0.0025657387155192672,-0.0155281285,0.018093867197920638
c005,0,4,ln_gamma_Na+,-0.5128074671636331,-0.51249945,0.00030801552636505747
c005,0,4,ln_gamma_H+,-0.8128490726771344,-0.6998052,0.11304387257718929
c005,0,4,ln_gamma_HSO4-,-0.34627478997133215,-0.32322386,0.023050930899600586
c005,0,4,ln_gamma_HCO3-,-0.45102104853964464,-0.49845728,0.04743623424195631
c005,0,4,ln_gamma_SO4--,-1.9189948747326764,-2.266708,0.3477130224536029
c005,0,4,ln_gamma_CO3--,-1.842372141108848,-1.9689445,0.12657240845169881
c005,0,4,ln_gamma_OH-,-0.2624020224918974,-0.27733666,0.014934634555374304
c005,1,0,ln_gamma_H2O,0.00841260099395029,0.025410557,0.01699795617179163
c005,1,0,ln_gamma_Na+,-0.7156766532384624,-0.64775944,0.06791721567742726
c005,1,0,ln_gamma_H+,-1.1145321545898765,-0.85992604,0.25460610964892805
c005,1,0,ln_gamma_HSO4-,-0.3430557358748965,-0.25871706,0.08433867578578519
c005,1,0,ln_gamma_HCO3-,-0.5670408593753279,-0.52791524,0.03912562004122144
c005,1,0,ln_gamma_SO4--,-2.50568545849261,-2.9471834,0.44149791209760014
c005,1,0,ln_gamma_CO3--,-2.330924975285531,-2.35742,0.02649499236583619
c005,1,0,ln_gamma_OH-,-0.20486272242581752,-0.2197937,0.01493098470652196
c005,1,1,ln_gamma_H2O,0.00841260099395029,-0.0008432362,0.009255837216813487
c005,1,1,ln_gamma_Na+,-0.7156766532384624,-0.63476634,0.08091031298272511
c005,1,1,ln_gamma_H+,-1.1145321545898765,-0.8735417,0.24099044182895124
c005,1,1,ln_gamma_HSO4-,-0.3430557358748965,-0.25149518,0.09156055336070584
c005,1,1,ln_gamma_HCO3-,-0.5670408593753279,-0.51109606,0.055944799099296394
c005,1,1,ln_gamma_SO4--,-2.50568545849261,-2.849885,0.3441995283848316
c005,1,1,ln_gamma_CO3--,-2.330924975285531,-2.5771866,0.24626160918712525
c005,1,1,ln_gamma_OH-,-0.20486272242581752,-0.28839839,0.08353566262209508
c005,1,2,ln_gamma_H2O,0.00841260099395029,0.006683203,0.0017293980678807913
c005,1,2,ln_gamma_Na+,-0.7156766532384624,-0.68856585,0.027110802980588877
c005,1,2,ln_gamma_H+,-1.1145321545898765,-0.8978454,0.21668676713107526
c005,1,2,ln_gamma_HSO4-,-0.3430557358748965,-0.27407554,0.06898019795489835
c005,1,2,ln_gamma_HCO3-,-0.5670408593753279,-0.51594484,0.05109602085146314
c005,1,2,ln_gamma_SO4--,-2.50568545849261,-3.07968,0.5739945074802906
c005,1,2,ln_gamma_CO3--,-2.330924975285531,-2.163925,0.1670000428056726
c005,1,2,ln_gamma_OH-,-0.20486272242581752,-0.27424538,0.06938265892946813
c005,1,3,ln_gamma_H2O,0.00841260099395029,-0.04293859,0.05135119104369394
c005,1,3,ln_gamma_Na+,-0.7156766532384624,-0.63321733,0.08245931849114796
c005,1,3,ln_gamma_H+,-1.1145321545898765,-0.9358089,0.17872325757144392
c005,1,3,ln_gamma_HSO4-,-0.3430557358748965,-0.25821012,0.08484561328959989
c005,1,3,ln_gamma_HCO3-,-0.5670408593753279,-0.5451964,0.02184444538149244
c005,1,3,ln_gamma_SO4--,-2.50568545849261,-2.998855,0.4931696554905445
c005,1,3,ln_gamma_CO3--,-2.330924975285531,-2.1490297,0.18189524353504272
c005,1,3,ln_gamma_OH-,-0.20486272242581752,-0.26200566,0.057142934531808826
c005,1,4,ln_gamma_H2O,0.00841260099395029,-0.011693463,0.02010606372340433
c005,1,4,ln_gamma_Na+,-0.7156766532384624,-0.68015814,0.03551851496331593
c005,1,4,ln_gamma_H+,-1.1145321545898765,-0.90934753,0.20518462041018903
c005,1,4,ln_gamma_HSO4-,-0.3430557358748965,-0.25541818,0.08763755445552396
c005,1,4,ln_gamma_HCO3-,-0.5670408593753279,-0.6168001,0.04975927003827685
c005,1,4,ln_gamma_SO4--,-2.50568545849261,-2.970036,0.464350571323064
c005,1,4,ln_gamma_CO3--,-2.330924975285531,-2.4615054,0.13058043776988892
c005,1,4,ln_gamma_OH-,-0.20486272242581752,-0.2721239,0.06726118061030004
c005,2,0,ln_gamma_H2O,0.014187714724585139,0.028748946,0.014561231539801038
c005,2,0,ln_gamma_Na+,-0.8070407236824386,-0.76768494,0.03935578715900112
c005,2,0,ln_gamma_H+,-1.1629690511596054,-0.9426967,0.22027236060021815
c005,2,0,ln_gamma_HSO4-,-0.2906639310999414,-0.18238778,0.10827614697652066
c005,2,0,ln_gamma_HCO3-,-0.6299498399674743,-0.5615549,0.06839493121503293
c005,2,0,ln_gamma_SO4--,-2.84794063732743,-3.6866581,0.8387175066697625
c005,2,0,ln_gamma_CO3--,-2.531449757319469,-2.365821,0.16562887261487935
c005,2,0,ln_gamma_OH-,-0.15129163566938775,-0.18809988,0.03680824037679298
c005,2,1,ln_gamma_H2O,0.014187714724585139,0.0080704065,0.006117308220609748
c005,2,1,ln_gamma_Na+,-0.8070407236824386,-0.7363601,0.07068065059283901
c005,2,1,ln_gamma_H+,-1.1629690511596054,-1.0044105,0.15855854586480556
c005,2,1,ln_gamma_HSO4-,-0.2906639310999414,-0.15367258,0.13699135514931882
c005,2,1,ln_gamma_HCO3-,-0.6299498399674743,-0.54288226,0.08706757630704343
c005,2,1,ln_gamma_SO4--,-2.84794063732743,-3.2518086,0.4038680060136346
c005,2,1,ln_gamma_CO3--,-2.531449757319469,-2.8182054,0.2867555992784312
c005,2,1,ln_gamma_OH-,-0.15129163566938775,-0.258766,0.10747435983308418
c005,2,2,ln_gamma_H2O,0.014187714724585139,0.013743864,0.00044385035221251173
c005,2,2,ln_gamma_Na+,-0.8070407236824386,-0.7647574,0.04228332889178921
c005,2,2,ln_gamma_H+,-1.1629690511596054,-0.9497074,0.2132616622817367
c005,2,2,ln_gamma_HSO4-,-0.2906639310999414,-0.1839538,0.10671012434201443
c005,2,2,ln_gamma_HCO3-,-0.6299498399674743,-0.5490854,0.08086446132062375
c005,2,2,ln_gamma_SO4--,-2.84794063732743,-3.83457,0.9866292937028436
c005,2,2,ln_gamma_CO3--,-2.531449757319469,-2.3865976,0.1448521239576528
c005,2,2,ln_gamma_OH-,-0.15129163566938775,-0.28383243,0.13254079517015083
c005,2,3,ln_gamma_H2O,0.014187714724585139,-0.04092954,0.05511725571636828
c005,2,3,ln_gamma_Na+,-0.8070407236824386,-0.6981844,0.10885635268787075
c005,2,3,ln_gamma_H+,-1.1629690511596054,-0.9873929,0.17557614878533778
c005,2,3,ln_gamma_HSO4-,-0.2906639310999414,-0.13385387,0.15681006344990933
c005,2,3,ln_gamma_HCO3-,-0.6299498399674743,-0.6572093,0.027259437185540802
c005,2,3,ln_gamma_SO4--,-2.84794063732743,-3.5107975,0.6628568632829217
c005,2,3,ln_gamma_CO3--,-2.531449757319469,-2.1877825,0.34366723130323384
c005,2,3,ln_gamma_OH-,-0.15129163566938775,-0.24222443,0.09093278940805061
c005,2,4,ln_gamma_H2O,0.014187714724585139,-0.0058466243,0.02003433898721608
c005,2,4,ln_gamma_Na+,-0.8070407236824386,-0.77876115,0.028279575229679832
c005,2,4,ln_gamma_H+,-1.1629690511596054,-1.033795,0.12917405203698573
c005,2,4,ln_gamma_HSO4-,-0.2906639310999414,-0.15731537,0.13334855767922604
c005,2,4,ln_gamma_HCO3-,-0.6299498399674743,-0.6873977,0.057447878462091095
c005,2,4,ln_gamma_SO4--,-2.84794063732743,-3.5659864,0.7180457575547723
c005,2,4,ln_gamma_CO3--,-2.531449757319469,-2.8113508,0.2799010651292613
c005,2,4,ln_gamma_OH-,-0.15129163566938775,-0.27305704,0.12176540788301093
c005,3,0,ln_gamma_H2O,0.012987372850664224,-0.018336866,0.03132423890162286
c005,3,0,ln_gamma_Na+,-0.8071114598169629,-0.7771305,0.02998097523596921
c005,3,0,ln_gamma_H+,-1.1245468962518101,-0.9035148,0.22103209379590805
c005,3,0,ln_gamma_HSO4-,-0.2729309864175301,-0.20493512,0.06799586786150746
c005,3,0,ln_gamma_HCO3-,-0.6193660922371315,-0.553175,0.06619111970295177
c005,3,0,ln_gamma_SO4--,-2.833402391869633,-3.8062196,0.9728171859196735
c005,3,0,ln_gamma_CO3--,-2.5794850880887283,-2.3041956,0.27528944561741486
c005,3,0,ln_gamma_OH-,-0.1341890687945887,-0.15237346,0.018184394120831837
c005,3,1,ln_gamma_H2O,0.012987372850664224,0.0024720766,0.010515296285636987
c005,3,1,ln_gamma_Na+,-0.8071114598169629,-0.7591098,0.048001664723426485
c005,3,1,ln_gamma_H+,-1.1245468962518101,-0.9431125,0.18143440369046981
c005,3,1,ln_gamma_HSO4-,-0.2729309864175301,-0.16980839,0.10312259866118245
c005,3,1,ln_gamma_HCO3-,-0.6193660922371315,-0.5417022,0.07766388133396374
c005,3,1,ln_gamma_SO4--,-2.833402391869633,-3.4159498,0.5825474296025348
c005,3,1,ln_gamma_CO3--,-2.5794850880887283,-2.8864465,0.3069613878939377
c005,3,1,ln_gamma_OH-,-0.1341890687945887,-0.25127056,0.11708149361576592
c005,3,2,ln_gamma_H2O,0.012987372850664224,0.013766712,0.0007793387271088706
c005,3,2,ln_gamma_Na+,-0.8071114598169629,-0.80737704,0.0002655805692370894
c005,3,2,ln_gamma_H+,-1.1245468962518101,-0.9327874,0.19175947788633163
c005,3,2,ln_gamma_HSO4-,-0.2729309864175301,-0.2237738,0.04915717913031392
c005,3,2,ln_gamma_HCO3-,-0.6193660922371315,-0.5290022,0.09036390260090099
c005,3,2,ln_gamma_SO4--,-2.833402391869633,-3.6966348,0.8632323775700641
c005,3,2,ln_gamma_CO3--,-2.5794850880887283,-2.422134,0.15735116551182404
c005,3,2,ln_gamma_OH-,-0.1341890687945887,-0.22414571,0.08995664167370354
c005,3,3,ln_gamma_H2O,0.012987372850664224,-0.059881523,0.07286889610219774
c005,3,3,ln_gamma_Na+,-0.8071114598169629,-0.7508154,0.05629606827643552
c005,3,3,ln_gamma_H+,-1.1245468962518101,-0.9851196,0.13942731502927597
c005,3,3,ln_gamma_HSO4-,-0.2729309864175301,-0.16271186,0.11021912766814046
c005,3,3,ln_gamma_HCO3-,-0.6193660922371315,-0.5913913,0.027974767240183218
c005,3,3,ln_gamma_SO4--,-2.833402391869633,-3.6310096,0.7976071868352008
c005,3,3,ln_gamma_CO3--,-2.5794850880887283,-2.4166203,0.16286483357212678
c005,3,3,ln_gamma_OH-,-0.1341890687945887,-0.19930755,0.06511847722496544
c005,3,4,ln_gamma_H2O,0.012987372850664224,-0.021495368,0.034482741182334985
c005,3,4,ln_gamma_Na+,-0.8071114598169629,-0.7796055,0.02750595196631589
c005,3,4,ln_gamma_H+,-1.1245468962518101,-0.9389614,0.18558550957120712
c005,3,4,ln_gamma_HSO4-,-0.2729309864175301,-0.16827387,0.10465712024092488
c005,3,4,ln_gamma_HCO3-,-0.6193660922371315,-0.686864,0.06749792620311512
c005,3,4,ln_gamma_SO4--,-2.833402391869633,-3.4466867,0.6132843528203082
c005,3,4,ln_gamma_CO3--,-2.5794850880887283,-2.6563425,0.07685741831996307
c005,3,4,ln_gamma_OH-,-0.1341890687945887,-0.20901704,0.07482796955074822
c005,4,0,ln_gamma_H2O,0.03372108650952957,-0.022369478,0.05609056440741203
c005,4,0,ln_gamma_Na+,-1.0876454875807848,-1.0231925,0.06445296267081169
c005,4,0,ln_gamma_H+,-1.3750840751054656,-0.8474673,0.5276167718294036
c005,4,0,ln_gamma_HSO4-,-0.19176497392090075,0.03351313,0.22527810267837756
c005,4,0,ln_gamma_HCO3-,-0.6617760157147038,-0.5858902,0.07588584180265545
c005,4,0,ln_gamma_SO4--,-3.2588819688897135,-5.476709,2.217826920117855
c005,4,0,ln_gamma_CO3--,-2.8610907938709227,-2.4609318,0.4001590159168211
c005,4,0,ln_gamma_OH-,0.3016702303336726,0.12874171,0.17292851895557504
c005,4,1,ln_gamma_H2O,0.03372108650952957,0.016671352,0.017049734421078183
c005,4,1,ln_gamma_Na+,-1.0876454875807848,-1.0199484,0.06769712427664665
c005,4,1,ln_gamma_H+,-1.3750840751054656,-1.1502244,0.2248596278550994
c005,4,1,ln_gamma_HSO4-,-0.19176497392090075,0.09913732,0.29090229503544085
c005,4,1,ln_gamma_HCO3-,-0.6617760157147038,-0.56708574,0.09469027276426434
c005,4,1,ln_gamma_SO4--,-3.2588819688897135,-4.836122,1.5772400670905111
c005,4,1,ln_gamma_CO3--,-2.8610907938709227,-3.350895,0.48980413410759294
c005,4,1,ln_gamma_OH-,0.3016702303336726,-0.13958476,0.44125499517189126
c005,4,2,ln_gamma_H2O,0.03372108650952957,0.012156036,0.021565050758425214
c005,4,2,ln_gamma_Na+,-1.0876454875807848,-1.0488188,0.03882666090536979
c005,4,2,ln_gamma_H+,-1.3750840751054656,-1.1703259,0.204758199823178
c005,4,2,ln_gamma_HSO4-,-0.19176497392090075,-0.04531254,0.14645243517788165
c005,4,2,ln_gamma_HCO3-,-0.6617760157147038,-0.5829192,0.0788568353214848
c005,4,2,ln_gamma_SO4--,-3.2588819688897135,-5.5514874,2.2926054769415853
c005,4,2,ln_gamma_CO3--,-2.8610907938709227,-2.908678,0.047587260938647624
c005,4,2,ln_gamma_OH-,0.3016702303336726,-0.19558513,0.4972553619788752
c005,4,3,ln_gamma_H2O,0.03372108650952957,-0.061378833,0.09509991941601417
c005,4,3,ln_gamma_Na+,-1.0876454875807848,-0.9358439,0.15180160263586906
c005,4,3,ln_gamma_H+,-1.3750840751054656,-1.1105305,0.2645535794618499
c005,4,3,ln_gamma_HSO4-,-0.19176497392090075,0.19198373,0.3837487035218071
c005,4,3,ln_gamma_HCO3-,-0.6617760157147038,-0.8312579,0.16948186401933552
c005,4,3,ln_gamma_SO4--,-3.2588819688897135,-5.846432,2.587550240125179
c005,4,3,ln_gamma_CO3--,-2.8610907938709227,-2.672951,0.18813981082343734
c005,4,3,ln_gamma_OH-,0.3016702303336726,-0.12801567,0.4296858975337611
c005,4,4,ln_gamma_H2O,0.03372108650952957,-0.03814499,0.07186607731134079
c005,4,4,ln_gamma_Na+,-1.0876454875807848,-1.0081544,0.07949109533835319
c005,4,4,ln_gamma_H+,-1.3750840751054656,-1.164863,0.2102210847261321
c005,4,4,ln_gamma_HSO4-,-0.19176497392090075,0.059491783,0.2512567573014092
c005,4,4,ln_gamma_HCO3-,-0.6617760157147038,-0.86684585,0.20506983046144367
c005,4,4,ln_gamma_SO4--,-3.2588819688897135,-4.7584157,1.4995337301154135
c005,4,4,ln_gamma_CO3--,-2.8610907938709227,-3.2638564,0.4027656171093019
c005,4,4,ln_gamma_OH-,0.3016702303336726,-0.15310106,0.4547712871478663
c005,5,0,ln_gamma_H2O,0.010241955224047172,0.0038704704,0.006371484774718749
c005,5,0,ln_gamma_Na+,-0.7570555337873973,-0.80649555,0.04944001350721938
c005,5,0,ln_gamma_H+,-0.8121921002877371,-0.7379074,0.07428469061976839
c005,5,0,ln_gamma_HSO4-,-0.1912197239922142,-0.23976558,0.048545860476627345
c005,5,0,ln_gamma_HCO3-,-0.6342254222424932,-0.5372751,0.09695034633001764
c005,5,0,ln_gamma_SO4--,-2.9599438135388216,-2.1999922,0.7599516336682162
c005,5,0,ln_gamma_CO3--,-2.6802862722924914,-2.5749297,0.10535655808961053
c005,5,0,ln_gamma_OH-,-0.17109328521938677,-0.041535556,0.12955772890301104
c005,5,1,ln_gamma_H2O,0.010241955224047172,0.03355937,0.02331741556190444
c005,5,1,ln_gamma_Na+,-0.7570555337873973,-0.7993129,0.042257355788560935
c005,5,1,ln_gamma_H+,-0.8121921002877371,-0.7830354,0.02915670275813509
c005,5,1,ln_gamma_HSO4-,-0.1912197239922142,-0.14415047,0.04706925826536179
c005,5,1,ln_gamma_HCO3-,-0.6342254222424932,-0.5246323,0.10959314713797053
c005,5,1,ln_gamma_SO4--,-2.9599438135388216,-2.766046,0.19389776632812827
c005,5,1,ln_gamma_CO3--,-2.6802862722924914,-2.8081088,0.12782253431761603
c005,5,1,ln_gamma_OH-,-0.17109328521938677,-0.116276115,0.05481717004032488
c005,5,2,ln_gamma_H2O,0.010241955224047172,0.025511222,0.015269266736139786
c005,5,2,ln_gamma_Na+,-0.7570555337873973,-0.8091028,0.05204723987898452
c005,5,2,ln_gamma_H+,-0.8121921002877371,-0.77422726,0.037964838744463214
c005,5,2,ln_gamma_HSO4-,-0.1912197239922142,-0.24829388,0.05707415265573501
c005,5,2,ln_gamma_HCO3-,-0.6342254222424932,-0.5003172,0.1339082063229986
c005,5,2,ln_gamma_SO4--,-2.9599438135388216,-2.608594,0.35134987280395835
c005,5,2,ln_gamma_CO3--,-2.6802862722924914,-2.5393565,0.14092980218445916
c005,5,2,ln_gamma_OH-,-0.17109328521938677,-0.0907935,0.0802997873589551
c005,5,3,ln_gamma_H2O,0.010241955224047172,-0.044927683,0.055169637951622476
c005,5,3,ln_gamma_Na+,-0.7570555337873973,-0.8188012,0.061745690444322654
c005,5,3,ln_gamma_H+,-0.8121921002877371,-0.7636319,0.04856022000438143
c005,5,3,ln_gamma_HSO4-,-0.1912197239922142,-0.23457952,0.04335979444517135
c005,5,3,ln_gamma_HCO3-,-0.6342254222424932,-0.6032834,0.030942016938538153
c005,5,3,ln_gamma_SO4--,-2.9599438135388216,-2.7001517,0.2597921316387972
c005,5,3,ln_gamma_CO3--,-2.6802862722924914,-2.6342518,0.04603443933045526
c005,5,3,ln_gamma_OH-,-0.17109328521938677,-0.1349697,0.03612358881683703
c005,5,4,ln_gamma_H2O,0.010241955224047172,-0.014064718,0.024306673261890878
c005,5,4,ln_gamma_Na+,-0.7570555337873973,-0.80518234,0.048126803973527976
c005,5,4,ln_gamma_H+,-0.8121921002877371,-0.75932753,0.05286456942683626
c005,5,4,ln_gamma_HSO4-,-0.1912197239922142,-0.21208999,0.020870261616840358
c005,5,4,ln_gamma_HCO3-,-0.6342254222424932,-0.6247985,0.009426945546478827
c005,5,4,ln_gamma_SO4--,-2.9599438135388216,-2.8227835,0.13716034338501304
c005,5,4,ln_gamma_CO3--,-2.6802862722924914,-2.60115,0.07913623643433709
c005,5,4,ln_gamma_OH-,-0.17109328521938677,-0.09525945,0.07583383484335299
c005,6,0,ln_gamma_H2O,0.009026718928078124,0.06217382,0.05314710210396915
c005,6,0,ln_gamma_Na+,-0.6838714556060322,-0.6640951,0.019776351865340103
c005,6,0,ln_gamma_H+,-0.7356766700926751,-0.65482324,0.08085342647466365
c005,6,0,ln_gamma_HSO4-,-0.058613927235982466,-0.0763094,0.017695470580675554
c005,6,0,ln_gamma_HCO3-,-0.6728190768290496,-0.5834154,0.0894036877680755
c005,6,0,ln_gamma_SO4--,-3.220163605603044,-3.2315445,0.011380889025862206
c005,6,0,ln_gamma_CO3--,-2.480089313620761,-2.4408307,0.039258606070712077
c005,6,0,ln_gamma_OH-,-0.22853278276362532,-0.21653906,0.011993727654601272
c005,6,1,ln_gamma_H2O,0.009026718928078124,0.07004533,0.061018610702296784
c005,6,1,ln_gamma_Na+,-0.6838714556060322,-0.68408227,0.0002108140625468602
c005,6,1,ln_gamma_H+,-0.7356766700926751,-0.8252566,0.08957991598215398
c005,6,1,ln_gamma_HSO4-,-0.058613927235982466,-0.0075615942,0.05105233298816447
c005,6,1,ln_gamma_HCO3-,-0.6728190768290496,-0.5419134,0.1309056866694427
c005,6,1,ln_gamma_SO4--,-3.220163605603044,-3.3000474,0.07988379201048135
c005,6,1,ln_gamma_CO3--,-2.480089313620761,-2.7878819,0.30779253757552816
c005,6,1,ln_gamma_OH-,-0.22853278276362532,-0.26808178,0.03954900148472673
c005,6,2,ln_gamma_H2O,0.009026718928078124,0.038665574,0.029638855115911057
c005,6,2,ln_gamma_Na+,-0.6838714556060322,-0.6580518,0.025819666799116958
c005,6,2,ln_gamma_H+,-0.7356766700926751,-0.6580548,0.0776218414488763
c005,6,2,ln_gamma_HSO4-,-0.058613927235982466,-0.04633653,0.012277395596883345
c005,6,2,ln_gamma_HCO3-,-0.6728190768290496,-0.5896001,0.08321899061689142
c005,6,2,ln_gamma_SO4--,-3.220163605603044,-3.8956637,0.6755001326476884
c005,6,2,ln_gamma_CO3--,-2.480089313620761,-2.468547,0.011542207831576334
c005,6,2,ln_gamma_OH-,-0.22853278276362532,-0.2885167,0.05998391750416643
c005,6,3,ln_gamma_H2O,0.009026718928078124,-0.015548743,0.02457546223566861
c005,6,3,ln_gamma_Na+,-0.6838714556060322,-0.66212165,0.02174980204920851
c005,6,3,ln_gamma_H+,-0.7356766700926751,-0.69713855,0.038538122195336255
c005,6,3,ln_gamma_HSO4-,-0.058613927235982466,-0.07681103,0.01819710327110524
c005,6,3,ln_gamma_HCO3-,-0.6728190768290496,-0.71106756,0.03824848050585028
c005,6,3,ln_gamma_SO4--,-3.220163605603044,-3.3169317,0.0967681189452958
c005,6,3,ln_gamma_CO3--,-2.480089313620761,-2.3328543,0.1472350426857023
c005,6,3,ln_gamma_OH-,-0.22853278276362532,-0.2516865,0.023153730660294358
c005,6,4,ln_gamma_H2O,0.009026718928078124,0.043500148,0.034473428831836274
c005,6,4,ln_gamma_Na+,-0.6838714556060322,-0.7080781,0.024206630770157944
c005,6,4,ln_gamma_H+,-0.7356766700926751,-0.75777984,0.022103166561987964
c005,6,4,ln_gamma_HSO4-,-0.058613927235982466,-0.014665931,0.04394799577274089
c005,6,4,ln_gamma_HCO3-,-0.6728190768290496,-0.5971228,0.07569628839978937
c005,6,4,ln_gamma_SO4--,-3.220163605603044,-3.3499005,0.12973687848203896
c005,6,4,ln_gamma_CO3--,-2.480089313620761,-2.9715073,0.49141799724654867
c005,6,4,ln_gamma_OH-,-0.22853278276362532,-0.23845819,0.009925403624390428
c005,7,0,ln_gamma_H2O,0.009804724760893824,0.049240954,0.03943622945940113
c005,7,0,ln_gamma_Na+,-0.7310798674315385,-0.72645295,0.0046269207686356895
c005,7,0,ln_gamma_H+,-1.0717734010745932,-1.0204589,0.051314464383309
c005,7,0,ln_gamma_HSO4-,-0.3057931057838443,-0.20938717,0.09640593749561338
c005,7,0,ln_gamma_HCO3-,-0.6200024868093169,-0.51429677,0.10570571671349172
c005,7,0,ln_gamma_SO4--,-2.7802006680477875,-3.0442057,0.26400499754059137
c005,7,0,ln_gamma_CO3--,-2.4340339317781265,-2.4903283,0.05629438014203947
c005,7,0,ln_gamma_OH-,-0.24684475424003374,-0.24557638,0.001268372556684133
c005,7,1,ln_gamma_H2O,0.009804724760893824,0.010394595,0.0005898698711953136
c005,7,1,ln_gamma_Na+,-0.7310798674315385,-0.7032565,0.02782337958516401
c005,7,1,ln_gamma_H+,-1.0717734010745932,-1.0507703,0.02100311832923185
c005,7,1,ln_gamma_HSO4-,-0.3057931057838443,-0.19906265,0.10673046034851102
c005,7,1,ln_gamma_HCO3-,-0.6200024868093169,-0.514426,0.10557649384361867
c005,7,1,ln_gamma_SO4--,-2.7802006680477875,-2.9866004,0.20639973096954645
c005,7,1,ln_gamma_CO3--,-2.4340339317781265,-2.5543647,0.12033074946576994
c005,7,1,ln_gamma_OH-,-0.24684475424003374,-0.28678083,0.039936079957964304
c005,7,2,ln_gamma_H2O,0.009804724760893824,0.009084934,0.000719790392164233
c005,7,2,ln_gamma_Na+,-0.7310798674315385,-0.7258378,0.005242040702717721
c005,7,2,ln_gamma_H+,-1.0717734010745932,-0.9636514,0.1081219823886801
c005,7,2,ln_gamma_HSO4-,-0.3057931057838443,-0.24349275,0.062300353470230385
c005,7,2,ln_gamma_HCO3-,-0.6200024868093169,-0.553676,0.06632647763115529
c005,7,2,ln_gamma_SO4--,-2.7802006680477875,-3.2603593,0.48015861921417535
c005,7,2,ln_gamma_CO3--,-2.4340339317781265,-2.257211,0.1768229618531998
c005,7,2,ln_gamma_OH-,-0.24684475424003374,-0.2898496,0.04300485489654768
c005,7,3,ln_gamma_H2O,0.009804724760893824,-0.012646734,0.022451458544079306
c005,7,3,ln_gamma_Na+,-0.7310798674315385,-0.68025607,0.05082379872502607
c005,7,3,ln_gamma_H+,-1.0717734010745932,-1.0344113,0.03736208992499601
c005,7,3,ln_gamma_HSO4-,-0.3057931057838443,-0.20826514,0.09752796513118772
c005,7,3,ln_gamma_HCO3-,-0.6200024868093169,-0.5453143,0.07468817482811574
c005,7,3,ln_gamma_SO4--,-2.7802006680477875,-3.2329519,0.45275121145355524
c005,7,3,ln_gamma_CO3--,-2.4340339317781265,-2.348929,0.0851050034028824
c005,7,3,ln_gamma_OH-,-0.24684475424003374,-0.26982749,0.02298273084449995
c005,7,4,ln_gamma_H2O,0.009804724760893824,-0.008620134,0.01842485838437462
c005,7,4,ln_gamma_Na+,-0.7310798674315385,-0.74448615,0.013406285694224418
c005,7,4,ln_gamma_H+,-1.0717734010745932,-1.0328584,0.03891502933997404
c005,7,4,ln_gamma_HSO4-,-0.3057931057838443,-0.1961104,0.10968270820655851
c005,7,4,ln_gamma_HCO3-,-0.6200024868093169,-0.6632916,0.04328908671515819
c005,7,4,ln_gamma_SO4--,-2.7802006680477875,-3.0699286,0.28972797803985895
c005,7,4,ln_gamma_CO3--,-2.4340339317781265,-2.6858156,0.2517816409605209
c005,7,4,ln_gamma_OH-,-0.24684475424003374,-0.2887106,0.04186583993721235
c005,8,0,ln_gamma_H2O,0.00803946032999706,-0.0043182774,0.012357737681555268
c005,8,0,ln_gamma_Na+,-0.6831780622079451,-0.6395315,0.0436465690209944
c005,8,0,ln_gamma_H+,-0.9686015823935081,-0.8110175,0.15758406911836165
c005,8,0,ln_gamma_HSO4-,-0.27452806239425775,-0.23876029,0.03576776986419794
c005,8,0,ln_gamma_HCO3-,-0.5549590963447812,-0.5373401,0.017618991764855707
c005,8,0,ln_gamma_SO4--,-2.512018158929024,-3.0375288,0.5255105943516156
c005,8,0,ln_gamma_CO3--,-2.3084046903980777,-2.253119,0.05528569854627108
c005,8,0,ln_gamma_OH-,-0.16895052930879068,-0.19419327,0.025242744473939427
c005,8,1,ln_gamma_H2O,0.00803946032999706,-0.010705022,0.018744482471334454
c005,8,1,ln_gamma_Na+,-0.6831780622079451,-0.64361095,0.03956710792327711
c005,8,1,ln_gamma_H+,-0.9686015823935081,-0.7987162,0.16988539491639632
c005,8,1,ln_gamma_HSO4-,-0.27452806239425775,-0.23968841,0.03483965103923914
c005,8,1,ln_gamma_HCO3-,-0.5549590963447812,-0.53124225,0.023716844948602045
c005,8,1,ln_gamma_SO4--,-2.512018158929024,-2.8902884,0.37827019403728457
c005,8,1,ln_gamma_CO3--,-2.3084046903980777,-2.5587616,0.2503569062816098
c005,8,1,ln_gamma_OH-,-0.16895052930879068,-0.25418144,0.0852309153361373
c005,8,2,ln_gamma_H2O,0.00803946032999706,0.037180465,0.02914100438476849
c005,8,2,ln_gamma_Na+,-0.6831780622079451,-0.6899412,0.006763165228120593
c005,8,2,ln_gamma_H+,-0.9686015823935081,-0.8234625,0.1451390961264183
c005,8,2,ln_gamma_HSO4-,-0.27452806239425775,-0.28287897,0.008350902745131283
c005,8,2,ln_gamma_HCO3-,-0.5549590963447812,-0.5035205,0.05143860760576757
c005,8,2,ln_gamma_SO4--,-2.512018158929024,-3.1642494,0.6522312612369916
c005,8,2,ln_gamma_CO3--,-2.3084046903980777,-2.3021746,0.0062301222218081875
c005,8,2,ln_gamma_OH-,-0.16895052930879068,-0.24646443,0.07751390197706748
c005,8,3,ln_gamma_H2O,0.00803946032999706,-0.051418755,0.059458215533482545
c005,8,3,ln_gamma_Na+,-0.6831780622079451,-0.64333045,0.0398476073815901
c005,8,3,ln_gamma_H+,-0.9686015823935081,-0.79615426,0.17244732175813215
c005,8,3,ln_gamma_HSO4-,-0.27452806239425775,-0.23210447,0.042423597028847904
c005,8,3,ln_gamma_HCO3-,-0.5549590963447812,-0.58941674,0.03445764598004786
c005,8,3,ln_gamma_SO4--,-2.512018158929024,-3.0028725,0.4908543081119916
c005,8,3,ln_gamma_CO3--,-2.3084046903980777,-2.1402998,0.16810489333997225
c005,8,3,ln_gamma_OH-,-0.16895052930879068,-0.22904001,0.06008948245478202
c005,8,4,ln_gamma_H2O,0.00803946032999706,0.0008395058,0.007199954519706484
c005,8,4,ln_gamma_Na+,-0.6831780622079451,-0.676663,0.006515080697782727
c005,8,4,ln_gamma_H+,-0.9686015823935081,-0.8283467,0.14025485311494368
c005,8,4,ln_gamma_HSO4-,-0.27452806239425775,-0.25862652,0.015901541760560245
c005,8,4,ln_gamma_HCO3-,-0.5549590963447812,-0.58967125,0.034712157813238775
c005,8,4,ln_gamma_SO4--,-2.512018158929024,-3.0878062,0.575788065893974
c005,8,4,ln_gamma_CO3--,-2.3084046903980777,-2.4735765,0.1651718553172543
c005,8,4,ln_gamma_OH-,-0.16895052930879068,-0.22120537,0.05225483932924796
c005,9,0,ln_gamma_H2O,5.1360992213488186e-05,0.021595228,0.021543867471197842
c005,9,0,ln_gamma_Na+,-0.1655811694469167,-0.16198242,0.0035987523402882804
c005,9,0,ln_gamma_H+,-0.20065963966403955,-0.18375026,0.016909382768020564
c005,9,0,ln_gamma_HSO4-,-0.15529550694454305,-0.17092669,0.01563118315708048
c005,9,0,ln_gamma_HCO3-,-0.1620964746159206,-0.12135613,0.04074034496961934
c005,9,0,ln_gamma_SO4--,-0.6557027830478036,-0.783834,0.12813119751249913
c005,9,0,ln_gamma_CO3--,-0.651618655677433,-0.75870186,0.10708320522726056
c005,9,0,ln_gamma_OH-,-0.14828852315589766,-0.13682555,0.011462976533621355
c005,9,1,ln_gamma_H2O,5.1360992213488186e-05,0.029031102,0.028979740622023343
c005,9,1,ln_gamma_Na+,-0.1655811694469167,-0.16352035,0.0020608183946324576
c005,9,1,ln_gamma_H+,-0.20065963966403955,-0.21364729,0.012987651400222844
c005,9,1,ln_gamma_HSO4-,-0.15529550694454305,-0.16315085,0.007855340013617346
c005,9,1,ln_gamma_HCO3-,-0.1620964746159206,-0.12298538,0.03911109670816762
c005,9,1,ln_gamma_SO4--,-0.6557027830478036,-0.74282664,0.08712385755812291
c005,9,1,ln_gamma_CO3--,-0.651618655677433,-0.8004575,0.14883882189214703
c005,9,1,ln_gamma_OH-,-0.14828852315589766,-0.14815941,0.00012910862609724627
c005,9,2,ln_gamma_H2O,5.1360992213488186e-05,0.017337855,0.017286493959406613
c005,9,2,ln_gamma_Na+,-0.1655811694469167,-0.14604639,0.019534784277887463
c005,9,2,ln_gamma_H+,-0.20065963966403955,-0.19344284,0.007216803260192806
c005,9,2,ln_gamma_HSO4-,-0.15529550694454305,-0.12289684,0.03239866428602331
c005,9,2,ln_gamma_HCO3-,-0.1620964746159206,-0.08236024,0.07973623677908284
c005,9,2,ln_gamma_SO4--,-0.6557027830478036,-0.6682207,0.01251791578566197
c005,9,2,ln_gamma_CO3--,-0.651618655677433,-0.507017,0.1446016392666054
c005,9,2,ln_gamma_OH-,-0.14828852315589766,-0.109841205,0.03844731797620635
c005,9,3,ln_gamma_H2O,5.1360992213488186e-05,0.002781101,0.002729740044603347
c005,9,3,ln_gamma_Na+,-0.1655811694469167,-0.15910967,0.0064715025033665885
c005,9,3,ln_gamma_H+,-0.20065963966403955,-0.1856194,0.01504024071250909
c005,9,3,ln_gamma_HSO4-,-0.15529550694454305,-0.16205835,0.006762846479529211
c005,9,3,ln_gamma_HCO3-,-0.1620964746159206,-0.1557178,0.0063786695879588795
c005,9,3,ln_gamma_SO4--,-0.6557027830478036,-0.6425822,0.013120604931958879
c005,9,3,ln_gamma_CO3--,-0.651618655677433,-0.6624497,0.010831061844234435
c005,9,3,ln_gamma_OH-,-0.14828852315589766,-0.14060873,0.007679795223921343
c005,9,4,ln_gamma_H2O,5.1360992213488186e-05,0.019362427,0.019311066302040814
c005,9,4,ln_gamma_Na+,-0.1655811694469167,-0.14123131,0.02434985609910023
c005,9,4,ln_gamma_H+,-0.20065963966403955,-0.16612749,0.03453215164695733
c005,9,4,ln_gamma_HSO4-,-0.15529550694454305,-0.14664397,0.008651540508156946
c005,9,4,ln_gamma_HCO3-,-0.1620964746159206,-0.08735956,0.07473691209970815
c005,9,4,ln_gamma_SO4--,-0.6557027830478036,-0.6631394,0.00743661981855992
c005,9,4,ln_gamma_CO3--,-0.651618655677433,-0.6098824,0.041736241336460145
c005,9,4,ln_gamma_OH-,-0.14828852315589766,-0.11235643,0.035932091373652025
c006,0,0,ln_gamma_H2O,0.0025396150146194487,0.016558995,0.014019380455785177
c006,0,0,ln_gamma_Na+,-0.5269623690084856,-0.49985284,0.027109532876436027
c006,0,0,ln_gamma_H+,-0.9022621280961844,-0.77575845,0.1265036828332755
c006,0,0,ln_gamma_IO3-,-0.6321206737109593,-0.6445952,0.012474532072884736
c006,0,0,ln_gamma_HSO4-,-0.33325551203030024,-0.3803507,0.04709519693118658
c006,0,0,ln_gamma_HCO3-,-0.44258552096524933,-0.44779402,0.005208499210684503
c006,0,0,ln_gamma_SO4--,-1.874008282921941,-1.8502524,0.02375589301410419
c006,0,0,ln_gamma_CO3--,-1.7952184944046297,-1.9940779,0.19885942650906663
c006,0,0,ln_gamma_OH-,-0.2503416202859581,-0.22534284,0.024998780329674508
c006,0,1,ln_gamma_H2O,0.0025396150146194487,0.020879086,0.01833947109239616
c006,0,1,ln_gamma_Na+,-0.5269623690084856,-0.5174669,0.009495466275636466
c006,0,1,ln_gamma_H+,-0.9022621280961844,-0.82789326,0.07436887095507116
c006,0,1,ln_gamma_IO3-,-0.6321206737109593,-0.68775964,0.055638964121682344
c006,0,1,ln_gamma_HSO4-,-0.33325551203030024,-0.36923024,0.03597472855311956
c006,0,1,ln_gamma_HCO3-,-0.44258552096524933,-0.42833245,0.014253072959573065
c006,0,1,ln_gamma_SO4--,-1.874008282921941,-2.043386,0.16937769959148663
c006,0,1,ln_gamma_CO3--,-1.7952184944046297,-1.9803898,0.18517133904568772
c006,0,1,ln_gamma_OH-,-0.2503416202859581,-0.2567088,0.006367180506736014
c006,0,2,ln_gamma_H2O,0.0025396150146194487,0.014002571,0.011462955867820165
c006,0,2,ln_gamma_Na+,-0.5269623690084856,-0.53844166,0.011479289011533944
c006,0,2,ln_gamma_H+,-0.9022621280961844,-0.82419086,0.07807127306993933
c006,0,2,ln_gamma_IO3-,-0.6321206737109593,-0.7136911,0.08157044166837424
c006,0,2,ln_gamma_HSO4-,-0.33325551203030024,-0.35497525,0.021719741313281915
c006,0,2,ln_gamma_HCO3-,-0.44258552096524933,-0.45435643,0.011770910995810235
c006,0,2,ln_gamma_SO4--,-1.874008282921941,-1.9743036,0.10029532025036114
c006,0,2,ln_gamma_CO3--,-1.7952184944046297,-1.8396676,0.044449064265414284
c006,0,2,ln_gamma_OH-,-0.2503416202859581,-0.2625798,0.012238178412467215
c006,0,3,ln_gamma_H2O,0.0025396150146194487,-0.035105553,0.03764516753894768
c006,0,3,ln_gamma_Na+,-0.5269623690084856,-0.52245027,0.004512100739900382
c006,0,3,ln_gamma_H+,-0.9022621280961844,-0.81808233,0.08417979548510046
c006,0,3,ln_gamma_IO3-,-0.6321206737109593,-0.7485298,0.11640911812101096
c006,0,3,ln_gamma_HSO4-,-0.33325551203030024,-0.32797825,0.00527725866573725
c006,0,3,ln_gamma_HCO3-,-0.44258552096524933,-0.47505492,0.03246939875444671
c006,0,3,ln_gamma_SO4--,-1.874008282921941,-2.106127,0.2321187407749583
c006,0,3,ln_gamma_CO3--,-1.7952184944046297,-1.7955663,0.00034782601468186236
c006,0,3,ln_gamma_OH-,-0.2503416202859581,-0.25184476,0.0015031434698402624
c006,0,4,ln_gamma_H2O,0.0025396150146194487,-0.035702486,0.03824210060579262
c006,0,4,ln_gamma_Na+,-0.5269623690084856,-0.5473447,0.02038231559234449
c006,0,4,ln_gamma_H+,-0.9022621280961844,-0.83156514,0.070696986418328
c006,0,4,ln_gamma_IO3-,-0.6321206737109593,-0.73662174,0.10450106376920432
c006,0,4,ln_gamma_HSO4-,-0.33325551203030024,-0.3654939,0.03223838159305181
c006,0,4,ln_gamma_HCO3-,-0.44258552096524933,-0.53051054,0.08792502381166717
c006,0,4,ln_gamma_SO4--,-1.874008282921941,-2.144073,0.2700647265690257
c006,0,4,ln_gamma_CO3--,-1.7952184944046297,-1.9048662,0.10964772416226487
c006,0,4,ln_gamma_OH-,-0.2503416202859581,-0.27353013,0.02318850533202288
c006,1,0,ln_gamma_H2O,0.0045108614159797,0.02273183,0.018220968018653555
c006,1,0,ln_gamma_Ca2+,-1.8014628438923481,-1.5494417,0.25202114867903025
c006,1,0,ln_gamma_Na+,-0.7119360463610162,-0.6620333,0.04990272688774955
c006,1,0,ln_gamma_H+,-1.4359450385231267,-1.3432051,0.09273994418566334
c006,1,0,ln_gamma_IO3-,-0.663068021704085,-0.58996445,0.0731035722984148
c006,1,0,ln_gamma_HSO4-,-0.4749249772345175,-0.52870834,0.053783361502970306
c006,1,0,ln_gamma_HCO3-,-0.5337955770970649,-0.530115,0.003680568742877921
c006,1,0,ln_gamma_SO4--,-1.7572679147106043,-1.4643654,0.29290255158957157
c006,1,0,ln_gamma_CO3--,-1.91592664606894,-2.0766265,0.16069989316140676
c006,1,0,ln_gamma_OH-,-0.21335083951713465,-0.13409652,0.079254321358222
c006,1,1,ln_gamma_H2O,0.0045108614159797,0.040450525,0.03593966312277572
c006,1,1,ln_gamma_Ca2+,-1.8014628438923481,-1.7382909,0.0631719379398945
c006,1,1,ln_gamma_Na+,-0.7119360463610162,-0.67633617,0.035599877118157264
c006,1,1,ln_gamma_H+,-1.4359450385231267,-1.3852066,0.050738458361078376
c006,1,1,ln_gamma_IO3-,-0.663068021704085,-0.6653032,0.0022351489769147914
c006,1,1,ln_gamma_HSO4-,-0.4749249772345175,-0.50746644,0.032541458197916595
c006,1,1,ln_gamma_HCO3-,-0.5337955770970649,-0.54849887,0.01470329184519581
c006,1,1,ln_gamma_SO4--,-1.7572679147106043,-2.0246181,0.26735023409310665
c006,1,1,ln_gamma_CO3--,-1.91592664606894,-2.3721685,0.4562418948856499
c006,1,1,ln_gamma_OH-,-0.21335083951713465,-0.22442007,0.011069231131058704
c006,1,2,ln_gamma_H2O,0.0045108614159797,0.051227346,0.04671648464668052
c006,1,2,ln_gamma_Ca2+,-1.8014628438923481,-1.5003928,0.3010700492832783
c006,1,2,ln_gamma_Na+,-0.7119360463610162,-0.6860037,0.025932361363457557
c006,1,2,ln_gamma_H+,-1.4359450385231267,-1.4112893,0.02465570422594654
c006,1,2,ln_gamma_IO3-,-0.663068021704085,-0.72184575,0.058777724336259274
c006,1,2,ln_gamma_HSO4-,-0.4749249772345175,-0.46743917,0.0074858025824178775
c006,1,2,ln_gamma_HCO3-,-0.5337955770970649,-0.50534785,0.028447729158527335
c006,1,2,ln_gamma_SO4--,-1.7572679147106043,-1.3129874,0.44428046792563114
c006,1,2,ln_gamma_CO3--,-1.91592664606894,-2.0440404,0.1281137954441216
c006,1,2,ln_gamma_OH-,-0.21335083951713465,-0.19124362,0.02210722079040431
c006,1,3,ln_gamma_H2O,0.0045108614159797,-0.039248373,0.04375923477542146
c006,1,3,ln_gamma_Ca2+,-1.8014628438923481,-1.6907402,0.11072261619306834
c006,1,3,ln_gamma_Na+,-0.7119360463610162,-0.693515,0.018421043633507606
c006,1,3,ln_gamma_H+,-1.4359450385231267,-1.3091211,0.12682390662615406
c006,1,3,ln_gamma_IO3-,-0.663068021704085,-0.69001186,0.026943837236039547
c006,1,3,ln_gamma_HSO4-,-0.4749249772345175,-0.5115867,0.03666174847730502
c006,1,3,ln_gamma_HCO3-,-0.5337955770970649,-0.6700685,0.13627292532908253
c006,1,3,ln_gamma_SO4--,-1.7572679147106043,-1.3689809,0.38828703015860233
c006,1,3,ln_gamma_CO3--,-1.91592664606894,-1.6768894,0.23903722651327586
c006,1,3,ln_gamma_OH-,-0.21335083951713465,-0.1578934,0.05545743515254878
c006,1,4,ln_gamma_H2O,0.0045108614159797,-0.015485414,0.019996275719818907
c006,1,4,ln_gamma_Ca2+,-1.8014628438923481,-1.279548,0.5219147949192646
c006,1,4,ln_gamma_Na+,-0.7119360463610162,-0.679131,0.03280507492928397
c006,1,4,ln_gamma_H+,-1.4359450385231267,-1.4054289,0.030516152109552497
c006,1,4,ln_gamma_IO3-,-0.663068021704085,-0.7377589,0.07469085318910351
c006,1,4,ln_gamma_HSO4-,-0.4749249772345175,-0.4984819,0.0235569222653757
c006,1,4,ln_gamma_HCO3-,-0.5337955770970649,-0.5763665,0.04257090706812672
c006,1,4,ln_gamma_SO4--,-1.7572679147106043,-1.5494318,0.20783611386831913
c006,1,4,ln_gamma_CO3--,-1.91592664606894,-1.8158935,0.10003311522329783
c006,1,4,ln_gamma_OH-,-0.21335083951713465,-0.21400537,0.0006545264506158943
c006,2,0,ln_gamma_H2O,0.008433108257284182,0.024457116,0.016024007422695143
c006,2,0,ln_gamma_Na+,-0.717911172588313,-0.6537924,0.06411879130169196
c006,2,0,ln_gamma_H+,-1.1365483074001164,-0.8975892,0.23895910070455972
c006,2,0,ln_gamma_IO3-,-0.8756995177148691,-1.120882,0.24518251658688872
c006,2,0,ln_gamma_HSO4-,-0.34112736125501003,-0.25608748,0.08503987927945461
c006,2,0,ln_gamma_HCO3-,-0.5669897232071791,-0.52159935,0.04539037084740738
c006,2,0,ln_gamma_SO4--,-2.5031426816490323,-2.9228344,0.4196917147132724
c006,2,0,ln_gamma_CO3--,-2.3274330058689228,-2.3354075,0.00797448962973446
c006,2,0,ln_gamma_OH-,-0.20394080180441054,-0.21943656,0.015495754296434794
c006,2,1,ln_gamma_H2O,0.008433108257284182,0.0033249771,0.005108131135036963
c006,2,1,ln_gamma_Na+,-0.717911172588313,-0.6396923,0.07821886606975836
c006,2,1,ln_gamma_H+,-1.1365483074001164,-0.8993459,0.2372024326137394
c006,2,1,ln_gamma_IO3-,-0.8756995177148691,-1.0646359,0.18893635512601226
c006,2,1,ln_gamma_HSO4-,-0.34112736125501003,-0.25382715,0.08730020661862697
c006,2,1,ln_gamma_HCO3-,-0.5669897232071791,-0.50830394,0.05868578291100601
c006,2,1,ln_gamma_SO4--,-2.5031426816490323,-2.8493643,0.3462215990516513
c006,2,1,ln_gamma_CO3--,-2.3274330058689228,-2.5600657,0.23263274043845028
c006,2,1,ln_gamma_OH-,-0.20394080180441054,-0.285839,0.08189818959916917
c006,2,2,ln_gamma_H2O,0.008433108257284182,0.011162106,0.0027289976904487437
c006,2,2,ln_gamma_Na+,-0.717911172588313,-0.6972563,0.020654845912898012
c006,2,2,ln_gamma_H+,-1.1365483074001164,-0.9262438,0.21030452535665933
c006,2,2,ln_gamma_IO3-,-0.8756995177148691,-0.97447324,0.09877372027646392
c006,2,2,ln_gamma_HSO4-,-0.34112736125501003,-0.28029433,0.060833032327016257
c006,2,2,ln_gamma_HCO3-,-0.5669897232071791,-0.517001,0.049988749982539216
c006,2,2,ln_gamma_SO4--,-2.5031426816490323,-3.0606127,0.5574699968787997
c006,2,2,ln_gamma_CO3--,-2.3274330058689228,-2.1639357,0.1634973445530048
c006,2,2,ln_gamma_OH-,-0.20394080180441054,-0.27359486,0.06965405445779649
c006,2,3,ln_gamma_H2O,0.008433108257284182,-0.04427328,0.05270638786458017
c006,2,3,ln_gamma_Na+,-0.717911172588313,-0.6379521,0.07995908327862067
c006,2,3,ln_gamma_H+,-1.1365483074001164,-0.96070147,0.1758468417934269
c006,2,3,ln_gamma_IO3-,-0.8756995177148691,-1.0395327,0.1638331437231192
c006,2,3,ln_gamma_HSO4-,-0.34112736125501003,-0.26113185,0.07999550838979091
c006,2,3,ln_gamma_HCO3-,-0.5669897232071791,-0.54356265,0.023427072526637116
c006,2,3,ln_gamma_SO4--,-2.5031426816490323,-2.9767892,0.4736465544196933
c006,2,3,ln_gamma_CO3--,-2.3274330058689228,-2.1323462,0.19508685260964542
c006,2,3,ln_gamma_OH-,-0.20394080180441054,-0.25807786,0.054137058074129496
c006,2,4,ln_gamma_H2O,0.008433108257284182,-0.014224817,0.02265792530231716
c006,2,4,ln_gamma_Na+,-0.717911172588313,-0.6840783,0.0338328964309339
c006,2,4,ln_gamma_H+,-1.1365483074001164,-0.93154335,0.2050049571803898
c006,2,4,ln_gamma_IO3-,-0.8756995177148691,-1.0702441,0.19454455615292876
c006,2,4,ln_gamma_HSO4-,-0.34112736125501003,-0.26202103,0.07910632629903164
c006,2,4,ln_gamma_HCO3-,-0.5669897232071791,-0.6219541,0.05496436023550888
c006,2,4,ln_gamma_SO4--,-2.5031426816490323,-2.964505,0.46136227555006437
c006,2,4,ln_gamma_CO3--,-2.3274330058689228,-2.4499292,0.12249623149679989
c006,2,4,ln_gamma_OH-,-0.20394080180441054,-0.2717259,0.06778509121621934
c006,3,0,ln_gamma_H2O,0.005862346947414561,-0.025470836,0.031333183035475894
c006,3,0,ln_gamma_Ca2+,-2.1226483297067373,-1.6036271,0.5190212440210074
c006,3,0,ln_gamma_Na+,-0.6959322260703995,-0.62729144,0.06864078510665439
c006,3,0,ln_gamma_H+,-0.9956869925425165,-1.0005854,0.004898444278467418
c006,3,0,ln_gamma_IO3-,-0.751188197790709,-0.711063,0.04012517040881203
c006,3,0,ln_gamma_HSO4-,-0.4468983419589581,-0.39948168,0.04741665798946043
c006,3,0,ln_gamma_HCO3-,-0.5563402723213198,-0.54724556,0.00909471024475117
c006,3,0,ln_gamma_SO4--,-1.9337171807153388,-1.8327479,0.10096924446655953
c006,3,0,ln_gamma_CO3--,-2.091227171089679,-2.0325885,0.058638689186602644
c006,3,0,ln_gamma_OH-,-0.20063023779019123,-0.15354553,0.04708470913990742
c006,3,1,ln_gamma_H2O,0.005862346947414561,0.022816226,0.01695387893893035
c006,3,1,ln_gamma_Ca2+,-2.1226483297067373,-2.0744505,0.04819783684785062
c006,3,1,ln_gamma_Na+,-0.6959322260703995,-0.6807999,0.015132324584956391
c006,3,1,ln_gamma_H+,-0.9956869925425165,-1.1071047,0.1114176665379889
c006,3,1,ln_gamma_IO3-,-0.751188197790709,-0.74184227,0.009345927893248063
c006,3,1,ln_gamma_HSO4-,-0.4468983419589581,-0.4119836,0.034914732759434186
c006,3,1,ln_gamma_HCO3-,-0.5563402723213198,-0.5176126,0.0387276958366396
c006,3,1,ln_gamma_SO4--,-1.9337171807153388,-2.2707248,0.3370075926916436
c006,3,1,ln_gamma_CO3--,-2.091227171089679,-2.2779794,0.18675220284220595
c006,3,1,ln_gamma_OH-,-0.20063023779019123,-0.21305285,0.012422616151726185
c006,3,2,ln_gamma_H2O,0.005862346947414561,0.026645279,0.020782931610720472
c006,3,2,ln_gamma_Ca2+,-2.1226483297067373,-1.358897,0.763751358957836
c006,3,2,ln_gamma_Na+,-0.6959322260703995,-0.651959,0.04397322405242465
c006,3,2,ln_gamma_H+,-0.9956869925425165,-1.0160251,0.020338073833215953
c006,3,2,ln_gamma_IO3-,-0.751188197790709,-0.8005546,0.04936637574521019
c006,3,2,ln_gamma_HSO4-,-0.4468983419589581,-0.40926155,0.03763678747935911
c006,3,2,ln_gamma_HCO3-,-0.5563402723213198,-0.5040553,0.05228495110473652
c006,3,2,ln_gamma_SO4--,-1.9337171807153388,-1.6189712,0.3147459521157905
c006,3,2,ln_gamma_CO3--,-2.091227171089679,-2.121644,0.03041684899088759
c006,3,2,ln_gamma_OH-,-0.20063023779019123,-0.2069499,0.006319666770851551
c006,3,3,ln_gamma_H2O,0.005862346947414561,-0.04970455,0.055566898644191905
c006,3,3,ln_gamma_Ca2+,-2.1226483297067373,-1.9750558,0.14759251591736966
c006,3,3,ln_gamma_Na+,-0.6959322260703995,-0.62667584,0.06925638187789462
c006,3,3,ln_gamma_H+,-0.9956869925425165,-0.90393925,0.09174774541116881
c006,3,3,ln_gamma_IO3-,-0.751188197790709,-0.78470004,0.03351183825818016
c006,3,3,ln_gamma_HSO4-,-0.4468983419589581,-0.42298865,0.023909688775974713
c006,3,3,ln_gamma_HCO3-,-0.5563402723213198,-0.57853687,0.022196595774078176
c006,3,3,ln_gamma_SO4--,-1.9337171807153388,-1.8307929,0.10292427681519234
c006,3,3,ln_gamma_CO3--,-2.091227171089679,-1.9327316,0.15849554267171007
c006,3,3,ln_gamma_OH-,-0.20063023779019123,-0.2167318,0.016101563838875232
c006,3,4,ln_gamma_H2O,0.005862346947414561,-0.023036003,0.02889835006020753
c006,3,4,ln_gamma_Ca2+,-2.1226483297067373,-1.5510157,0.571632595034191
c006,3,4,ln_gamma_Na+,-0.6959322260703995,-0.61180437,0.08412785995864414
c006,3,4,ln_gamma_H+,-0.9956869925425165,-0.93870544,0.05698154820657897
c006,3,4,ln_gamma_IO3-,-0.751188197790709,-0.8036354,0.05244722062436058
c006,3,4,ln_gamma_HSO4-,-0.4468983419589581,-0.38959327,0.057305068557697736
c006,3,4,ln_gamma_HCO3-,-0.5563402723213198,-0.5505421,0.00579815615615864
c006,3,4,ln_gamma_SO4--,-1.9337171807153388,-2.1328886,0.19917137481139457
c006,3,4,ln_gamma_CO3--,-2.091227171089679,-2.0084887,0.08273851599934678
c006,3,4,ln_gamma_OH-,-0.20063023779019123,-0.2255049,0.02487466719523662
c006,4,0,ln_gamma_H2O,0.011717719323283346,0.05962628,0.047908561938160746
c006,4,0,ln_gamma_Na+,-0.7373845641938694,-0.68201303,0.0553715293733128
c006,4,0,ln_gamma_H+,-1.1403743761182485,-0.984715,0.15565939122444972
c006,4,0,ln_gamma_IO3-,-1.1819710637558458,-1.1904738,0.00850273118128797
c006,4,0,ln_gamma_HSO4-,-0.21941391200488444,-0.23833503,0.018921116285864154
c006,4,0,ln_gamma_HCO3-,-0.6235746378701866,-0.54346925,0.08010538766800768
c006,4,0,ln_gamma_SO4--,-2.844669382965511,-2.8428495,0.0018198899387775747
c006,4,0,ln_gamma_CO3--,-2.3950380117737002,-2.3804197,0.014618280633563518
c006,4,0,ln_gamma_OH-,-0.20104595676815692,-0.1945327,0.0065132494345921665
c006,4,1,ln_gamma_H2O,0.011717719323283346,0.040016077,0.028298358135575144
c006,4,1,ln_gamma_Na+,-0.7373845641938694,-0.66957533,0.06780923059859356
c006,4,1,ln_gamma_H+,-1.1403743761182485,-1.0450741,0.0953002708554922
c006,4,1,ln_gamma_IO3-,-1.1819710637558458,-1.1965559,0.01458478913416883
c006,4,1,ln_gamma_HSO4-,-0.21941391200488444,-0.17887618,0.040537735528405866
c006,4,1,ln_gamma_HCO3-,-0.6235746378701866,-0.5135771,0.1099975342553795
c006,4,1,ln_gamma_SO4--,-2.844669382965511,-3.064608,0.21993871411090504
c006,4,1,ln_gamma_CO3--,-2.3950380117737002,-2.7323074,0.337269422308331
c006,4,1,ln_gamma_OH-,-0.20104595676815692,-0.3042668,0.10322085364901837
c006,4,2,ln_gamma_H2O,0.011717719323283346,0.0348672,0.023149481677168696
c006,4,2,ln_gamma_Na+,-0.7373845641938694,-0.75832963,0.02094506570420185
c006,4,2,ln_gamma_H+,-1.1403743761182485,-1.035725,0.10464937859780177
c006,4,2,ln_gamma_IO3-,-1.1819710637558458,-1.1003891,0.08158194079289416
c006,4,2,ln_gamma_HSO4-,-0.21941391200488444,-0.24003357,0.020619654946867266
c006,4,2,ln_gamma_HCO3-,-0.6235746378701866,-0.5639452,0.05962946365296251
c006,4,2,ln_gamma_SO4--,-2.844669382965511,-3.3858166,0.5411471911311687
c006,4,2,ln_gamma_CO3--,-2.3950380117737002,-2.3158417,0.07919633696901274
c006,4,2,ln_gamma_OH-,-0.20104595676815692,-0.29031068,0.08926472409808453
c006,4,3,ln_gamma_H2O,0.011717719323283346,-0.034358174,0.04607589293206325
c006,4,3,ln_gamma_Na+,-0.7373845641938694,-0.6853273,0.05205727270522198
c006,4,3,ln_gamma_H+,-1.1403743761182485,-1.0480195,0.0923548477292715
c006,4,3,ln_gamma_IO3-,-1.1819710637558458,-1.2121239,0.030152807093763556
c006,4,3,ln_gamma_HSO4-,-0.21941391200488444,-0.19351323,0.025900682515557966
c006,4,3,ln_gamma_HCO3-,-0.6235746378701866,-0.60108113,0.022493504981392687
c006,4,3,ln_gamma_SO4--,-2.844669382965511,-3.1787817,0.3341123648524822
c006,4,3,ln_gamma_CO3--,-2.3950380117737002,-2.1368184,0.2582196028076358
c006,4,3,ln_gamma_OH-,-0.20104595676815692,-0.23038767,0.02934171601378735
c006,4,4,ln_gamma_H2O,0.011717719323283346,-0.01707004,0.028787759430056722
c006,4,4,ln_gamma_Na+,-0.7373845641938694,-0.76351774,0.0261331731947414
c006,4,4,ln_gamma_H+,-1.1403743761182485,-1.1548407,0.014466331660682119
c006,4,4,ln_gamma_IO3-,-1.1819710637558458,-1.2349056,0.05293453679194471
c006,4,4,ln_gamma_HSO4-,-0.21941391200488444,-0.20657887,0.012835046357568464
c006,4,4,ln_gamma_HCO3-,-0.6235746378701866,-0.6794693,0.05589464952529066
c006,4,4,ln_gamma_SO4--,-2.844669382965511,-3.238329,0.39365955075030934
c006,4,4,ln_gamma_CO3--,-2.3950380117737002,-2.5489466,0.15390860726011324
c006,4,4,ln_gamma_OH-,-0.20104595676815692,-0.26752228,0.06647631867968853
c006,5,0,ln_gamma_H2O,0.011948025995558291,0.047216505,0.03526847881668231
c006,5,0,ln_gamma_Na+,-0.7339677451281886,-0.7499716,0.016003883060898283
c006,5,0,ln_gamma_H+,-0.835604236441766,-0.7887985,0.04680572541347616
c006,5,0,ln_gamma_IO3-,-1.4214373347216638,-1.561827,0.1403896096295325
c006,5,0,ln_gamma_HSO4-,-0.10381180145483714,-0.095076665,0.008735136172587685
c006,5,0,ln_gamma_HCO3-,-0.6751036136665318,-0.58456415,0.0905394642868016
c006,5,0,ln_gamma_SO4--,-3.1888819898629466,-3.5265086,0.33762657985446065
c006,5,0,ln_gamma_CO3--,-2.5518723140619235,-2.3273056,0.22456675871829557
c006,5,0,ln_gamma_OH-,-0.18334164865434222,-0.18166068,0.0016809666913752963
c006,5,1,ln_gamma_H2O,0.011948025995558291,0.0450486,0.03310057220452449
c006,5,1,ln_gamma_Na+,-0.7339677451281886,-0.73148876,0.0024789808421473714
c006,5,1,ln_gamma_H+,-0.835604236441766,-0.91999257,0.08438832966693766
c006,5,1,ln_gamma_IO3-,-1.4214373347216638,-1.4981645,0.07672719984712284
c006,5,1,ln_gamma_HSO4-,-0.10381180145483714,-0.027280822,0.07653097905855875
c006,5,1,ln_gamma_HCO3-,-0.6751036136665318,-0.5477654,0.12733823948287704
c006,5,1,ln_gamma_SO4--,-3.1888819898629466,-3.4791317,0.29024970874545186
c006,5,1,ln_gamma_CO3--,-2.5518723140619235,-2.88789,0.3360177864172025
c006,5,1,ln_gamma_OH-,-0.18334164865434222,-0.25522268,0.07188102953016706
c006,5,2,ln_gamma_H2O,0.011948025995558291,0.03236261,0.02041458410614154
c006,5,2,ln_gamma_Na+,-0.7339677451281886,-0.7281265,0.005841219249282381
c006,5,2,ln_gamma_H+,-0.835604236441766,-0.77684844,0.05875580103984945
c006,5,2,ln_gamma_IO3-,-1.4214373347216638,-1.321533,0.09990437001524288
c006,5,2,ln_gamma_HSO4-,-0.10381180145483714,-0.07928133,0.024530471346194557
c006,5,2,ln_gamma_HCO3-,-0.6751036136665318,-0.59233516,0.08276844911956527
c006,5,2,ln_gamma_SO4--,-3.1888819898629466,-4.0304284,0.8415464197134694
c006,5,2,ln_gamma_CO3--,-2.5518723140619235,-2.481476,0.0703962455652194
c006,5,2,ln_gamma_OH-,-0.18334164865434222,-0.28863674,0.10529509536802717
c006,5,3,ln_gamma_H2O,0.011948025995558291,-0.028117867,0.040065893182223825
c006,5,3,ln_gamma_Na+,-0.7339677451281886,-0.70987725,0.02409049254945328
c006,5,3,ln_gamma_H+,-0.835604236441766,-0.83395374,0.0016504982291805081
c006,5,3,ln_gamma_IO3-,-1.4214373347216638,-1.4389619,0.01752452879609745
c006,5,3,ln_gamma_HSO4-,-0.10381180145483714,-0.051184267,0.05262753464918833
c006,5,3,ln_gamma_HCO3-,-0.6751036136665318,-0.73079735,0.05569373674011491
c006,5,3,ln_gamma_SO4--,-3.1888819898629466,-3.680275,0.4913929735159597
c006,5,3,ln_gamma_CO3--,-2.5518723140619235,-2.272687,0.2791853557489352
c006,5,3,ln_gamma_OH-,-0.18334164865434222,-0.25353453,0.07019287697851606
c006,5,4,ln_gamma_H2O,0.011948025995558291,0.027125748,0.015177721878820867
c006,5,4,ln_gamma_Na+,-0.7339677451281886,-0.7803782,0.046410477337326506
c006,5,4,ln_gamma_H+,-0.835604236441766,-0.9158801,0.0802758475960148
c006,5,4,ln_gamma_IO3-,-1.4214373347216638,-1.5187624,0.09732501536073368
c006,5,4,ln_gamma_HSO4-,-0.10381180145483714,-0.026942924,0.07686887778979044
c006,5,4,ln_gamma_HCO3-,-0.6751036136665318,-0.6371814,0.03792221241378524
c006,5,4,ln_gamma_SO4--,-3.1888819898629466,-3.5720088,0.38312685832736104
c006,5,4,ln_gamma_CO3--,-2.5518723140619235,-2.962524,0.4106516231634183
c006,5,4,ln_gamma_OH-,-0.18334164865434222,-0.22975284,0.04641118995726057
