protocol,seed,split,pooled,species_mean,median,pooled_excl_big
original,0,train,0.08032022,0.08669563382863998,0.03808953,0.07581139
original,0,interp,0.07988962,0.08693265914916992,0.038359128,0.07971447
original,0,gen,0.091360584,0.11018746967116992,0.04204318,0.091360584
original,1,train,0.08402208,0.09244820475578308,0.036789358,0.07893191
original,1,interp,0.08334909,0.09210717678070068,0.03734155,0.08317021
original,1,gen,0.089173816,0.10770785166985458,0.044452786,0.089173816
original,2,train,0.084028535,0.09010207653045654,0.040560424,0.07943423
original,2,interp,0.08458454,0.09202003479003906,0.04219814,0.0844219
original,2,gen,0.08069259,0.09712738833493656,0.044664916,0.08069259
original,3,train,0.10689681,0.11470596492290497,0.052230302,0.1009665
original,3,interp,0.09968256,0.10749433934688568,0.05098605,0.09966092
original,3,gen,0.11336733,0.13975649409823948,0.059475183,0.11336733
original,4,train,0.089046955,0.09630110114812851,0.043951057,0.08460298
original,4,interp,0.08706035,0.09463237971067429,0.04452382,0.08670812
original,4,gen,0.10302675,0.1260612935034765,0.049762636,0.10302675
corrected,0,train,0.06672479,0.0656374916434288,0.02142756,0.061205592
corrected,0,interp,0.06456571,0.06427179276943207,0.02172854,0.06429284
corrected,0,gen,0.057735883,0.0681477269778649,0.02341041,0.057735883
corrected,1,train,0.07776882,0.07275751233100891,0.028179415,0.07146072
corrected,1,interp,0.07868835,0.0737578496336937,0.028403461,0.07866865
corrected,1,gen,0.05463875,0.0610785149037838,0.03014696,0.05463875
corrected,2,train,0.08313315,0.08184834569692612,0.032681227,0.0759777
corrected,2,interp,0.0744037,0.07441435009241104,0.031572267,0.07395358
corrected,2,gen,0.066254474,0.07800699294441277,0.031999175,0.066254474
corrected,3,train,0.057425797,0.058933623135089874,0.020372469,0.052421838
corrected,3,interp,0.05784735,0.06019958108663559,0.01970809,0.05762371
corrected,3,gen,0.051037986,0.0614331861337026,0.020682348,0.051037986
corrected,4,train,0.071996644,0.07070741057395935,0.025471896,0.06625657
corrected,4,interp,0.06798334,0.067691370844841,0.025951281,0.06776798
corrected,4,gen,0.058953833,0.06965510443680817,0.022666961,0.058953833
