seed,case,H2O A,organic A,cation A,anion A,H2O C,organic C,cation C,anion C
0,interpolation,0.04519289432250922,0.760820554134769,1.0204078807792811,0.5301652503409331,0.0008724551906622597,0.02406130606790698,0.014598644621472444,0.009884800855823371
0,unseen salt,0.034233181352644075,0.6261624874858901,0.6240550745724415,0.5330369141321862,0.006388112716964741,0.05990811493829824,0.10331129090634922,0.07877070282426393
0,unseen organic,0.04729632956544265,0.9557182273366013,1.0396068368498967,0.525577119507815,0.002116036083660159,0.07437820465817899,0.0359369726989047,0.0306855924617734
0,unseen organic (guarded),0.04729632956544265,0.9557182273366013,1.0396068368498967,0.525577119507815,0.002116036083660159,0.3364158074315695,0.0359369726989047,0.0306855924617734
0,unseen organic and salt,0.0355264376427648,0.743855820928436,0.6294026242352632,0.5323547963499894,0.006665750826312791,0.09431428103841727,0.09994940960196366,0.10250117820478481
0,unseen organic and salt (guarded),0.0355264376427648,0.743855820928436,0.6294026242352632,0.5323547963499894,0.006665750826312791,0.3059807977378948,0.09994940960196366,0.10250117820478481
1,interpolation,0.04519289432250922,0.760820554134769,1.0204078807792811,0.5301652503409331,0.0008964119059837865,0.026208071054287334,0.015434857371357259,0.010511358140808018
1,unseen salt,0.034233181352644075,0.6261624874858901,0.6240550745724415,0.5330369141321862,0.007127066437841706,0.07031834928131972,0.10171664218906605,0.08109877120869176
1,unseen organic,0.04729632956544265,0.9557182273366013,1.0396068368498967,0.525577119507815,0.002028212436691199,0.07008490253314976,0.04022562410573996,0.02867408050498175
1,unseen organic (guarded),0.04729632956544265,0.9557182273366013,1.0396068368498967,0.525577119507815,0.002028212436691199,0.3346356653533647,0.04022562410573996,0.02867408050498175
1,unseen organic and salt,0.0355264376427648,0.743855820928436,0.6294026242352632,0.5323547963499894,0.00743891731618202,0.09502543154154854,0.11232834022906285,0.08401323001867199
1,unseen organic and salt (guarded),0.0355264376427648,0.743855820928436,0.6294026242352632,0.5323547963499894,0.00743891731618202,0.30532174837114023,0.11232834022906285,0.08401323001867199
2,interpolation,0.04519289432250922,0.760820554134769,1.0204078807792811,0.5301652503409331,0.0008585604451744915,0.024581848039360688,0.013359402274086146,0.009813875257125234
2,unseen salt,0.034233181352644075,0.6261624874858901,0.6240550745724415,0.5330369141321862,0.005836225151378347,0.06776398564950822,0.08992198261065175,0.08870967656144249
2,unseen organic,0.04729632956544265,0.9557182273366013,1.0396068368498967,0.525577119507815,0.0020526490128289815,0.06563827155294336,0.03931595596182182,0.023521915619764997
2,unseen organic (guarded),0.04729632956544265,0.9557182273366013,1.0396068368498967,0.525577119507815,0.0020526490128289815,0.33262986503011494,0.03931595596182182,0.023521915619764997
2,unseen organic and salt,0.0355264376427648,0.743855820928436,0.6294026242352632,0.5323547963499894,0.006367085891688938,0.09213454419448558,0.09596841712266466,0.0973183234790465
2,unseen organic and salt (guarded),0.0355264376427648,0.743855820928436,0.6294026242352632,0.5323547963499894,0.006367085891688938,0.30471015049722205,0.09596841712266466,0.0973183234790465
