,original interp,original gen,corrected interp,corrected gen
ln_gamma_H2O,0.022404525,0.017419650219380856,0.024628598,0.02215378787368536
ln_gamma_Na+,0.04737285,,0.023742247,
ln_gamma_K+,0.065659836,0.054069355875253675,0.034128647,0.022697827033698558
ln_gamma_NH4+,0.08149055,0.056602121144533155,0.047867633,0.03409349136054516
ln_gamma_Ca2+,0.15112612,0.2509592860937119,0.1500213,0.134224733710289
ln_gamma_H+,0.088686794,0.07873939275741577,0.055086832,0.038819508999586104
ln_gamma_Cl-,0.03581525,,0.020789597,
ln_gamma_NO3-,0.061753392,,0.029536322,
ln_gamma_SO4--,0.17254627,0.1943935602903366,0.1632569,0.12913062274456025
ln_gamma_HSO4-,0.08444263,0.05338523760437965,0.050074685,0.02644377276301384
ln_gamma_HCO3-,0.11134748,,0.07686405,
ln_gamma_CO3--,0.26855677,0.26706632375717165,0.20801726,0.1674892395734787
ln_gamma_IO3-,0.09786414,0.07287796735763549,0.05321137,0.03392576165497303
ln_gamma_I-,0.063567065,,0.039273962,
ln_gamma_OH-,0.06692604,,0.04450545,
