set,organic,nn_dist,mae_A,mae_C,reduction_%
calibration,(s)-glycerol acetonate,1.3939502239227295,0.4217988579895884,0.040784435171086895,90.33083319251338
calibration,"1,2,4-butanetricarboxylic acid",0.29037290811538696,0.3631898601780662,0.047702555443549836,86.86566981243308
calibration,"1,2-pentanediol",1.1974965333938599,0.37021949161845363,0.04264197024983045,88.4819759047757
calibration,"1,3-butanediol",0.48257091641426086,0.29288790172594775,0.018948996520311973,93.53029045971235
calibration,"2,5-hexanediol",0.965142011642456,0.45394439995874053,0.019701315949447115,95.65997158435312
calibration,2-ethyl-1-hexanol,0.0,0.6751638080765026,0.010225840492807526,98.48542822193916
calibration,2-methyl-2-butanol,0.42913520336151123,0.3665116625270001,0.016589641288503078,95.47363890848058
calibration,3-methyl-2-pentanol,0.0,0.48061527198594434,0.015963178514229927,96.67859524141448
calibration,3-pentanol,0.7026423811912537,0.34695366982653425,0.023619843787599924,93.19221964148439
calibration,6-methyl-2-heptanol,0.4269718527793884,0.6858060979513684,0.012995208089920813,98.1051191978695
calibration,benzaldehyde,1.8103023767471313,0.5068568012945341,0.03793985059103622,92.51468057760374
calibration,benzyl alcohol,0.2903730571269989,0.5402381608531795,0.047029178739072856,91.29473218537518
calibration,beta-estradiol-3-benzoate,3.4061408042907715,2.0192618969213876,0.16247943914279356,91.95352324577047
calibration,cholecalciterol,3.007643699645996,2.430647623541847,0.222078344889864,90.86340847028004
calibration,diethylether,1.2654752731323242,0.291860499025334,0.0481727909078288,83.4945835189409
calibration,epoxypropane,1.5167115926742554,0.25955513820153286,0.026589698294605463,89.75566483528453
calibration,methyltestosterone,1.320637822151184,1.7624867944236964,0.07017630364849267,96.01833591772021
calibration,phenolphthalein,2.5541226863861084,1.5982884785361582,0.13901719556079048,91.30212114848543
calibration,salicin,2.5406908988952637,1.0044601281753287,0.0555288075222261,94.4717758361302
calibration,trehalose,1.316195011138916,0.8446835149200129,0.0371177544284655,95.60572051273188
test,"2,4-pentanediol",0.482571005821228,0.3409756178548048,0.025545370298131954,92.50815338092305
test,2-butanol,0.4269718825817108,0.26488714255133267,0.028970480947530287,89.06308525642535
test,2-methyl-1-propanol,0.4269718825817108,0.2802109539932905,0.01647762808444213,94.11956318993985
test,2-methyl-3-heptanol,0.0,0.6701488441704816,0.009553191731601985,98.57446717774661
test,3-methyl-4-hexanol,0.42697179317474365,0.5607116238491273,0.01425369103882419,97.45792838376052
test,3-pentadecylcyclohexanone,2.3228373527526855,1.7388044260658475,0.21025030784630258,87.90834065668864
test,4-decanol,0.6617836356163025,0.8710052158806552,0.02440031539482951,97.19860283842745
test,6-methyl-3-heptanol,0.0,0.6701488441704816,0.009553191731601985,98.57446717774661
test,cellobiose,1.316195011138916,0.8446835149200129,0.0371177544284655,95.60572051273188
test,cholic acid,1.1916300058364868,1.9939583841595938,0.08514243616413877,95.72997927938079
test,dianin’s compound,4.6720170974731445,3.0781423430133446,0.19400170124615057,93.69744217038928
test,dibutylphthalat,0.37112805247306824,1.1522476534086354,0.03925023246380496,96.59359406394164
test,ergocalciferol,4.219564914703369,2.553591920740357,0.33639616996740357,86.82654940927786
test,glucose,1.5677365064620972,0.3710635956931659,0.03901141380681309,89.48659629788318
test,mephenesin,1.8194314241409302,0.7540485316812959,0.05693930939248339,92.44885348884291
test,methylethylketone,0.2903730273246765,0.2834664007999448,0.034467124471796555,87.84084308597774
test,n-propanol,0.8539436459541321,0.2457241007768103,0.031929453414780526,87.00597405226365
test,phenyl-salicylate,1.0794633626937866,1.1343494411903627,0.03930445160032521,96.53506669346264
test,propylencarbonate,2.2889747619628906,0.20296176971658883,0.10511952522399404,48.207228695935925
test,vinylacetate,2.008434295654297,0.25578459646323015,0.037914513746182,85.17717084201655
