case,output,source,factor,S1,S1_conf,ST
NaCl,ln_gamma_H2O,surrogate,m_Na+Cl-,0.7208902717008391,0.1774775944512814,0.843036340571975
NaCl,ln_gamma_H2O,surrogate,T_K,0.13009057147047376,0.07056079690413336,0.26570899170638673
NaCl,ln_gamma_H2O,AIOMFAC,m_Na+Cl-,0.9872472670773073,0.149646526749133,1.007843731280457
NaCl,ln_gamma_H2O,AIOMFAC,T_K,0.008657499779534417,0.0171395382570882,0.02652438958587273
NaCl,ln_gamma_Na+,surrogate,m_Na+Cl-,0.9772730724339888,0.10848775830994346,0.9828648494480147
NaCl,ln_gamma_Na+,surrogate,T_K,0.017217074510015837,0.016039715642418514,0.02232832549170077
NaCl,ln_gamma_Na+,AIOMFAC,m_Na+Cl-,0.9821544706438758,0.1035844660102626,0.9872407649797835
NaCl,ln_gamma_Na+,AIOMFAC,T_K,0.012264047530209647,0.01536299157434872,0.01753840554330669
NaCl+NaNO3+KCl+KNO3,ln_gamma_H2O,surrogate,m_Na+Cl-,0.009878248919321292,0.04047407431534466,0.05120090224067288
NaCl+NaNO3+KCl+KNO3,ln_gamma_H2O,surrogate,m_Na+NO3-,0.14703908778426752,0.07184257014090677,0.16982835917198338
NaCl+NaNO3+KCl+KNO3,ln_gamma_H2O,surrogate,m_K+Cl-,0.12411726426230446,0.08268768999071795,0.16910996000620476
NaCl+NaNO3+KCl+KNO3,ln_gamma_H2O,surrogate,m_K+NO3-,0.5681719006472086,0.20346473848563368,0.6547772984430889
NaCl+NaNO3+KCl+KNO3,ln_gamma_H2O,surrogate,T_K,0.031835805209542045,0.04341704397692331,0.05034368286385348
NaCl+NaNO3+KCl+KNO3,ln_gamma_H2O,AIOMFAC,m_Na+Cl-,0.04588388174507061,0.04044078320587269,0.10028331622635628
NaCl+NaNO3+KCl+KNO3,ln_gamma_H2O,AIOMFAC,m_Na+NO3-,0.18287892243428683,0.08885124785391493,0.21312099654240624
NaCl+NaNO3+KCl+KNO3,ln_gamma_H2O,AIOMFAC,m_K+Cl-,0.04587938551158126,0.03727226993687051,0.05901712221205392
NaCl+NaNO3+KCl+KNO3,ln_gamma_H2O,AIOMFAC,m_K+NO3-,0.6709382268223042,0.2327177999180465,0.7522557401244117
NaCl+NaNO3+KCl+KNO3,ln_gamma_H2O,AIOMFAC,T_K,0.000945642987289354,0.008637934136265997,0.0024463154802617172
NaCl+NaNO3+KCl+KNO3,ln_gamma_Na+,surrogate,m_Na+Cl-,-0.005651527100209825,0.0420177905627417,0.1104630609595373
NaCl+NaNO3+KCl+KNO3,ln_gamma_Na+,surrogate,m_Na+NO3-,0.3376630879223063,0.1383781594541545,0.5108641011754527
NaCl+NaNO3+KCl+KNO3,ln_gamma_Na+,surrogate,m_K+Cl-,0.03641049871747999,0.03985774952797382,0.09241116479679996
NaCl+NaNO3+KCl+KNO3,ln_gamma_Na+,surrogate,m_K+NO3-,0.3445351164592768,0.13299020904935888,0.4430910082601887
NaCl+NaNO3+KCl+KNO3,ln_gamma_Na+,surrogate,T_K,0.04090935286712778,0.03869893606523297,0.047386403624449666
NaCl+NaNO3+KCl+KNO3,ln_gamma_Na+,AIOMFAC,m_Na+Cl-,0.003922620004915613,0.04874102349859767,0.1221425939278398
NaCl+NaNO3+KCl+KNO3,ln_gamma_Na+,AIOMFAC,m_Na+NO3-,0.33155443679052676,0.13018714688381258,0.5298359626138125
NaCl+NaNO3+KCl+KNO3,ln_gamma_Na+,AIOMFAC,m_K+Cl-,0.03047946255704204,0.04843223063698201,0.11737819227957204
NaCl+NaNO3+KCl+KNO3,ln_gamma_Na+,AIOMFAC,m_K+NO3-,0.3124095608062355,0.11630557357031363,0.4313674753030127
NaCl+NaNO3+KCl+KNO3,ln_gamma_Na+,AIOMFAC,T_K,0.04192349988097932,0.04101247827645168,0.04779374683523192
NaCl+NaNO3+KCl+KNO3,ln_gamma_K+,surrogate,m_Na+Cl-,0.004843983557026257,0.030259615151255075,0.05139543096221904
NaCl+NaNO3+KCl+KNO3,ln_gamma_K+,surrogate,m_Na+NO3-,0.38922860793559994,0.1384048762671261,0.48491250408560305
NaCl+NaNO3+KCl+KNO3,ln_gamma_K+,surrogate,m_K+Cl-,0.04261335163949556,0.03076092381990931,0.04647301933921124
NaCl+NaNO3+KCl+KNO3,ln_gamma_K+,surrogate,m_K+NO3-,0.4265194326481731,0.16041512067634028,0.484845596770327
NaCl+NaNO3+KCl+KNO3,ln_gamma_K+,surrogate,T_K,0.008881983142528211,0.02152085033531185,0.012141711473169796
NaCl+NaNO3+KCl+KNO3,ln_gamma_K+,AIOMFAC,m_Na+Cl-,0.014877950185328418,0.03238143536086375,0.058860909398806456
NaCl+NaNO3+KCl+KNO3,ln_gamma_K+,AIOMFAC,m_Na+NO3-,0.41436707932548184,0.14148768554058877,0.5130735415403107
NaCl+NaNO3+KCl+KNO3,ln_gamma_K+,AIOMFAC,m_K+Cl-,0.043172649002651706,0.03631860334485164,0.05459890467596201
NaCl+NaNO3+KCl+KNO3,ln_gamma_K+,AIOMFAC,m_K+NO3-,0.392016551295882,0.12034757092798122,0.44937124115974253
NaCl+NaNO3+KCl+KNO3,ln_gamma_K+,AIOMFAC,T_K,0.010489711336150604,0.022529252844940572,0.013244733350131158
Ca(IO3)2+NaHSO4+NaHCO3,ln_gamma_H2O,surrogate,m_Ca2+IO3-,0.488240360400934,0.14060455875957392,0.5969873872378003
Ca(IO3)2+NaHSO4+NaHCO3,ln_gamma_H2O,surrogate,m_Na+HSO4-,0.13657862594766218,0.09500419902434357,0.22157599679907022
Ca(IO3)2+NaHSO4+NaHCO3,ln_gamma_H2O,surrogate,m_Na+HCO3-,0.21048610682275765,0.11144584120383139,0.30091885472332713
Ca(IO3)2+NaHSO4+NaHCO3,ln_gamma_H2O,surrogate,T_K,-0.003188323690225183,0.04124155305203522,0.07622614878425764
Ca(IO3)2+NaHSO4+NaHCO3,ln_gamma_H2O,AIOMFAC,m_Ca2+IO3-,0.2395007443460104,0.1335159909341249,0.36183390441014357
Ca(IO3)2+NaHSO4+NaHCO3,ln_gamma_H2O,AIOMFAC,m_Na+HSO4-,0.4464580957540834,0.23691004842474117,0.5887580989519361
Ca(IO3)2+NaHSO4+NaHCO3,ln_gamma_H2O,AIOMFAC,m_Na+HCO3-,0.1735639188069945,0.1325813082649593,0.2637653038619741
Ca(IO3)2+NaHSO4+NaHCO3,ln_gamma_H2O,AIOMFAC,T_K,0.022403821443005064,0.06630145386034245,0.10600630829262132
Ca(IO3)2+NaHSO4+NaHCO3,ln_gamma_Ca2+,surrogate,m_Ca2+IO3-,0.32989791224481413,0.10888788558518085,0.40563617439415584
Ca(IO3)2+NaHSO4+NaHCO3,ln_gamma_Ca2+,surrogate,m_Na+HSO4-,0.37690843118439543,0.17263322001252182,0.6828322257641775
Ca(IO3)2+NaHSO4+NaHCO3,ln_gamma_Ca2+,surrogate,m_Na+HCO3-,0.03629968228704771,0.06089062434054587,0.15809216333685652
Ca(IO3)2+NaHSO4+NaHCO3,ln_gamma_Ca2+,surrogate,T_K,-0.021365676690795667,0.06851437036766783,0.18581824361950522
Ca(IO3)2+NaHSO4+NaHCO3,ln_gamma_Ca2+,AIOMFAC,m_Ca2+IO3-,0.1730013676103923,0.1964247044940079,0.7319486261016838
Ca(IO3)2+NaHSO4+NaHCO3,ln_gamma_Ca2+,AIOMFAC,m_Na+HSO4-,0.02614644419711629,0.142428499549861,0.5721952945169313
Ca(IO3)2+NaHSO4+NaHCO3,ln_gamma_Ca2+,AIOMFAC,m_Na+HCO3-,-0.0003207087015112775,0.0888755981438282,0.46729865466451553
Ca(IO3)2+NaHSO4+NaHCO3,ln_gamma_Ca2+,AIOMFAC,T_K,0.02411795006022375,0.04443700250491241,0.06898425386189394
Ca(IO3)2+NaHSO4+NaHCO3,ln_gamma_HSO4-,surrogate,m_Ca2+IO3-,0.7757332414584396,0.14084650287051148,0.8308258726621881
Ca(IO3)2+NaHSO4+NaHCO3,ln_gamma_HSO4-,surrogate,m_Na+HSO4-,0.12992043037957246,0.07063412325039292,0.17738156444490513
Ca(IO3)2+NaHSO4+NaHCO3,ln_gamma_HSO4-,surrogate,m_Na+HCO3-,0.008895773198387004,0.043805524401753275,0.07222571972978087
Ca(IO3)2+NaHSO4+NaHCO3,ln_gamma_HSO4-,surrogate,T_K,-0.0005365241451698353,0.017536330237140352,0.011303235599952112
Ca(IO3)2+NaHSO4+NaHCO3,ln_gamma_HSO4-,AIOMFAC,m_Ca2+IO3-,0.18291311915779784,0.18544010751741644,0.41061468138326696
Ca(IO3)2+NaHSO4+NaHCO3,ln_gamma_HSO4-,AIOMFAC,m_Na+HSO4-,0.4706648631098911,0.2584994952044273,0.7982870311985243
Ca(IO3)2+NaHSO4+NaHCO3,ln_gamma_HSO4-,AIOMFAC,m_Na+HCO3-,-0.002797382666860159,0.06020223608575602,0.1641846410058538
Ca(IO3)2+NaHSO4+NaHCO3,ln_gamma_HSO4-,AIOMFAC,T_K,0.01697978281693782,0.031335461186513903,0.04236362169996642
