wo,ws,t_H2O,t_organic,t_cation,t_anion,a_H2O,a_organic,a_cation,a_anion,c_H2O,c_organic,c_cation,c_anion
0.05,0.03,0.0005086504399259379,1.1486956519870284,-0.22321586004254743,-0.29014369952127955,0.017104640111845388,1.0087700062852722,-0.41451693,-0.4238445,-0.0023328201169553857,1.1106682368975502,-0.21585135,-0.27714634
0.08333333333333334,0.03,0.0010745483924905095,1.0822079026147842,-0.09820227864201614,-0.20350422122081918,0.019191856371357712,0.943549519019849,-0.41835523,-0.42767724,-0.0011561132351610333,1.0461805887396403,-0.10750362,-0.20759751
0.11666666666666667,0.03,0.0025692234995292485,1.0177138692049184,0.02710293461419539,-0.11626898375352729,0.0215810534810507,0.8950739088819167,-0.42231932,-0.4315992,0.00035256680900689827,0.9950383860037467,0.015054703,-0.1300982
0.15000000000000002,0.03,0.005005096926280007,0.9552133540574402,0.1526936073995073,-0.02844947796106148,0.025265046241406353,0.8390679441422767,-0.42646545,-0.43562335,0.0033413049156703067,0.9340110130638427,0.139305,-0.038716465
0.18333333333333335,0.03,0.008396240948705013,0.8947054786800347,0.278563060282542,0.05994195196910346,0.03093880199585719,0.7637213734865895,-0.43082976,-0.43982643,0.007459573156578969,0.861303713727068,0.25558764,0.055875123
0.21666666666666667,0.03,0.012758734478403064,0.8361884868898815,0.4047040851308365,0.1488920714469028,0.037024721083732004,0.6965558054402763,-0.43477958,-0.44406423,0.011888727126212473,0.8016030686453277,0.37908447,0.14738819
0.25,0.03,0.01811112127941442,0.7796595099126923,0.5311089354911308,0.23838673886936038,0.04369834501897667,0.6487959462461864,-0.43898544,-0.44859624,0.01722271245574329,0.7524423065839206,0.505821,0.24091697
0.2833333333333333,0.03,0.024475005350606517,0.7251142856946803,0.6577693362778729,0.3284109219709983,0.0505007116221042,0.6084491965314053,-0.44332743,-0.4534328,0.022715173857674152,0.7106395122548245,0.6412263,0.340558
0.31666666666666665,0.03,0.031875831220565976,0.6725468230342988,0.7846765236474277,0.4189487657016272,0.05929273834250459,0.5578591678772398,-0.44768134,-0.45860758,0.02982540895960817,0.6508317668471761,0.7878424,0.44434193
0.35,0.03,0.0403439160088593,0.6219489992762359,0.9118213312290805,0.5099837392338495,0.07057920304774257,0.5097227046441523,-0.45227027,-0.46435457,0.038726220109452925,0.5890043923806635,0.94747365,0.5539256
0.3833333333333333,0.03,0.049915827963321203,0.5733100782365738,1.0391943468572078,0.6014989033121052,0.08170411072350052,0.47938728611942355,-0.45731896,-0.4705313,0.046771225404506,0.5446721715855223,1.115926,0.6694393
0.41666666666666663,0.03,0.060636247353640864,0.5266161328964172,1.1667861760828162,0.6934773598663683,0.09424951773776158,0.443581663521627,-0.4624687,-0.47660393,0.05581408095254048,0.4949386347855125,1.2833961,0.7870477
0.45,0.03,0.07256050735873552,0.481849355575009,1.2945878674265257,0.7859029777049618,0.10663870065874725,0.4092395815403573,-0.46771392,-0.48275834,0.06408040686912209,0.44282812879992645,1.4426038,0.8998924
