output,factor,N,S1,S1_conf,ST,ST_conf
ln_gamma_water,frac_aromatic_ACH,1024,0.0006897764019078448,0.0016398983462846963,0.0006013247686329488,0.00019510880366920667
ln_gamma_water,frac_hydroxyl_OH,1024,0.017342016536549876,0.014766282602205225,0.05825932151401317,0.017421892571390048
ln_gamma_water,frac_polyol_CH,1024,0.001111145681737063,0.008551565700519171,0.01066835797669169,0.0031975518678652847
ln_gamma_water,frac_carboxylic_COOH,1024,0.05436731848764919,0.036635087159495795,0.21223515199437637,0.07900267004555586
ln_gamma_water,frac_ether_CH2O,1024,0.00603894585799011,0.012291697431454624,0.039692729127250026,0.010834693670126315
ln_gamma_water,frac_ketone_CH2CO,1024,-0.00016726986737512268,0.00846363190237669,0.012103686631623528,0.003374577550071003
ln_gamma_water,frac_ester_CCOO,1024,0.009681217358627597,0.01711802097988467,0.04883859808909716,0.02033591840600705
ln_gamma_water,frac_amine_CNH,1024,0.0026126520527775315,0.007917396802026602,0.01232848301920101,0.003913227996703087
ln_gamma_water,o_to_c,1024,0.08828514423636069,0.042531382337228495,0.23596561950811912,0.05598684258822065
ln_gamma_water,n_to_c,1024,0.005430943777003774,0.014168714900962307,0.03778901880312187,0.012396107021212736
ln_gamma_water,log_molar_mass,1024,0.046979575455892986,0.02583754311263552,0.14690479595375183,0.029469558599754697
ln_gamma_water,log1p_total_q,1024,-0.02666428291867822,0.04052429002362648,0.15755922352225635,0.04249222117470485
ln_gamma_water,wtf_water,1024,0.20775480690727754,0.09849075937336403,0.7261955321432683,0.11815362953073005
ln_gamma_water,T_norm,1024,5.16557290147176e-05,0.004791096110287117,0.002734707213477304,0.0008206610304599343
ln_gamma_organic,frac_aromatic_ACH,1024,-0.0027451777672944286,0.0030866441266398587,0.0006414214716733273,0.00019713720154428902
ln_gamma_organic,frac_hydroxyl_OH,1024,0.031917966903741386,0.01790715179311942,0.047169336050319186,0.008347360501746831
ln_gamma_organic,frac_polyol_CH,1024,-0.00011508683463574931,0.009277684687032654,0.010436068640361862,0.002207921738507715
ln_gamma_organic,frac_carboxylic_COOH,1024,0.08105026039940232,0.02978049179140218,0.1331540214191063,0.020084068619002544
ln_gamma_organic,frac_ether_CH2O,1024,0.019808047203635486,0.015402015931527926,0.024534416563631343,0.00473487172745964
ln_gamma_organic,frac_ketone_CH2CO,1024,0.008589412282452084,0.015089195849296827,0.010774310970563894,0.003001797276968576
ln_gamma_organic,frac_ester_CCOO,1024,0.009222089682652982,0.027525313092975266,0.046089891159992714,0.013098436233576028
ln_gamma_organic,frac_amine_CNH,1024,0.0016567404593019158,0.008721877739098206,0.011188577982061092,0.0027908067384414884
ln_gamma_organic,o_to_c,1024,0.15143958783017294,0.043827493507049266,0.23219057833281764,0.048325424815000156
ln_gamma_organic,n_to_c,1024,0.013129497935544975,0.018378841929613757,0.029597094845658322,0.007109649626107145
ln_gamma_organic,log_molar_mass,1024,0.00394154567685726,0.01313912593150359,0.018789181947041482,0.0035888470446839675
ln_gamma_organic,log1p_total_q,1024,-0.0030978247403269364,0.02911532982532236,0.12022589869730742,0.03774267106003757
ln_gamma_organic,wtf_water,1024,0.48542897129774043,0.06333688167354341,0.6868590168230051,0.09567886005677567
ln_gamma_organic,T_norm,1024,0.004043290481369067,0.00557797671652539,0.0017821880749847323,0.00041316815955088585
ln_gamma_water,frac_aromatic_ACH,4096,0.0009387097722579347,0.0010359129222726098,0.0006719270499925913,0.00014851240404362118
ln_gamma_water,frac_hydroxyl_OH,4096,0.024186296093101523,0.01440258587215717,0.05816281629939236,0.007966920268099304
ln_gamma_water,frac_polyol_CH,4096,0.0013617973519543384,0.004381289149099126,0.011716852449192176,0.0018863904989677137
ln_gamma_water,frac_carboxylic_COOH,4096,0.0624131245871901,0.02226180561077656,0.18545430883863812,0.031234982523866826
ln_gamma_water,frac_ether_CH2O,4096,0.01305664400062321,0.008366445215504689,0.040013718091408405,0.006265886705645526
ln_gamma_water,frac_ketone_CH2CO,4096,0.0005895737360032214,0.005585029683175048,0.01219150641624149,0.0013756206925702803
ln_gamma_water,frac_ester_CCOO,4096,0.010101192211407022,0.008894447664068363,0.04361628314029177,0.006782645809761958
ln_gamma_water,frac_amine_CNH,4096,0.005534211408182718,0.00439091062923106,0.012250180921272964,0.0021384208863227078
ln_gamma_water,o_to_c,4096,0.0903392756994429,0.02730962498821864,0.2591542082385799,0.03345925810793553
ln_gamma_water,n_to_c,4096,0.011404780670534026,0.008819176103242675,0.036523420331272434,0.006917046635509916
ln_gamma_water,log_molar_mass,4096,0.042400666498451776,0.015426598262642395,0.14463123348378248,0.013780469159338934
ln_gamma_water,log1p_total_q,4096,0.0100885380792638,0.025540085854732778,0.17449968334469107,0.022465748354378572
ln_gamma_water,wtf_water,4096,0.17832193432993101,0.04373839913203986,0.686753767439219,0.05119597107200373
ln_gamma_water,T_norm,4096,-4.442840002285105e-07,0.0020096184540334835,0.002691931801506313,0.00036397540279987147
ln_gamma_organic,frac_aromatic_ACH,4096,-2.0842820413950254e-05,0.00113824535715307,0.0005778362758437389,6.922893446852221e-05
ln_gamma_organic,frac_hydroxyl_OH,4096,0.03224947406634214,0.009126102651249276,0.04643349639475291,0.004218525792338838
ln_gamma_organic,frac_polyol_CH,4096,0.004426448771430014,0.004064469681863043,0.010073036428717494,0.0010584292834417103
ln_gamma_organic,frac_carboxylic_COOH,4096,0.07559985652499149,0.01465475464425141,0.12605641562327682,0.010806427531056073
ln_gamma_organic,frac_ether_CH2O,4096,0.012150148566406782,0.005598392461521694,0.024497752312787988,0.0022953482881565017
ln_gamma_organic,frac_ketone_CH2CO,4096,0.004431318097010254,0.005312716839316818,0.010589912608719838,0.001365208400454738
ln_gamma_organic,frac_ester_CCOO,4096,0.015532969332338727,0.010921803060283914,0.042877856119623234,0.004869784623196496
ln_gamma_organic,frac_amine_CNH,4096,0.0037561683044238345,0.004699985444277098,0.010368593156967587,0.0012970056959451081
ln_gamma_organic,o_to_c,4096,0.11910860322308883,0.01874679058985642,0.20978911761137672,0.02159090338583291
ln_gamma_organic,n_to_c,4096,0.0070205710476295554,0.007246148471379304,0.03202618586669608,0.004855943965428494
ln_gamma_organic,log_molar_mass,4096,0.00012104876414856475,0.005887505723705965,0.01890445493412217,0.001965463554927276
ln_gamma_organic,log1p_total_q,4096,0.0015693590469478735,0.013349581508036909,0.10978790379370763,0.012455616205664126
ln_gamma_organic,wtf_water,4096,0.4610116118830078,0.030806782461677614,0.6156523108591487,0.04107996357066686
ln_gamma_organic,T_norm,4096,0.0018203290111646754,0.0019367087706048738,0.0017657926024470638,0.00019429137747901164
