model,seed,gen_w,gen_org,interp_org,epochs
A_emb,0,0.012304177,0.1476746,0.06308013,300
A_desc,0,0.018836759,0.23603098,0.09608198,244
B,0,0.031177353,0.38001722,0.12294704,61
C,0,0.03129487,0.45554155,0.13284473,72
D,0,0.022619579,0.27295095,0.11273247,61
E,0,0.016554805,0.2264076,0.08195035,116
F,0,0.04138677,0.5293547,0.26992872,81
G,0,0.02560026,0.3340429,0.21769014,107
A_emb,1,0.0145719005,0.17861335,0.089701645,215
A_desc,1,0.02060788,0.27395093,0.098289,300
B,1,0.024026498,0.31541938,0.105310045,109
C,1,0.027698627,0.37045687,0.1026372,95
D,1,0.018009685,0.2187433,0.08316847,91
E,1,0.015698217,0.22410788,0.08443826,85
F,1,0.032499496,0.44179752,0.20821688,89
G,1,0.0260221,0.31722528,0.21028662,116
A_emb,2,0.010869051,0.14209145,0.06905792,250
A_desc,2,0.020761691,0.25313523,0.11920316,179
B,2,0.02387357,0.31372282,0.1035948,79
C,2,0.024926461,0.354028,0.08583495,79
D,2,0.020213673,0.2464569,0.08107542,84
E,2,0.016757384,0.24833031,0.06910365,116
F,2,0.039360356,0.4716958,0.30915636,51
G,2,0.023767762,0.2951372,0.18671554,182
A_emb,3,0.012726638,0.1651823,0.07080173,228
A_desc,3,0.02127627,0.25718594,0.12427439,170
B,3,0.031860087,0.4063707,0.12585823,71
C,3,0.024787853,0.3444461,0.12615262,69
D,3,0.01737988,0.22690979,0.07888504,114
E,3,0.022382913,0.24912389,0.103555284,75
F,3,0.04239677,0.49302784,0.27709466,58
G,3,0.02693858,0.30172974,0.20924538,122
A_emb,4,0.011607584,0.14512621,0.08831471,209
A_desc,4,0.02004832,0.2600469,0.11476676,195
B,4,0.026235864,0.32842618,0.11870122,69
C,4,0.023356088,0.323564,0.1062415,109
D,4,0.016219335,0.22428612,0.081350036,118
E,4,0.019758578,0.2684295,0.08867945,110
F,4,0.03471382,0.43336663,0.21658133,79
G,4,0.024690967,0.2867226,0.20509072,122
