pool,rep,seed,gen_w,gen_org,epochs
CHO,R_count,0,0.031538587,0.44786137,175
CHO,R_count,1,0.024599338,0.34445423,305
CHO,R_count,2,0.024740499,0.3336145,175
CHO,R_count,3,0.023302289,0.3660177,299
CHO,R_count,4,0.022065552,0.32762688,236
CHO,R_count',0,0.015641807,0.21215275,181
CHO,R_count',1,0.014593729,0.1877319,258
CHO,R_count',2,0.012105376,0.15479441,219
CHO,R_count',3,0.015314314,0.23229675,203
CHO,R_count',4,0.0137081295,0.1763592,236
CHO,R_desc,0,0.014538238,0.22515966,198
CHO,R_desc,1,0.015302635,0.2058191,204
CHO,R_desc,2,0.017348416,0.23031843,253
CHO,R_desc,3,0.016532436,0.25522816,231
CHO,R_desc,4,0.015524211,0.1983034,182
CHO,R_emb,0,0.013950604,0.19564204,206
CHO,R_emb,1,0.013619656,0.17266746,219
CHO,R_emb,2,0.0125688175,0.16191263,248
CHO,R_emb,3,0.014308953,0.19241987,171
CHO,R_emb,4,0.012046364,0.17275839,235
BIMOG,R_count,0,0.0127015365,0.1791909,161
BIMOG,R_count,1,0.015333305,0.22930172,124
BIMOG,R_count,2,0.012155855,0.17104818,181
BIMOG,R_count,3,0.01228887,0.17753342,254
BIMOG,R_count,4,0.013842007,0.19373795,190
BIMOG,R_count',0,0.01183473,0.14051493,190
BIMOG,R_count',1,0.011116274,0.13574022,225
BIMOG,R_count',2,0.011940825,0.138958,141
BIMOG,R_count',3,0.011967083,0.15205757,166
BIMOG,R_count',4,0.011613846,0.132314,179
BIMOG,R_desc,0,0.022092368,0.32411477,196
BIMOG,R_desc,1,0.021600664,0.31598005,233
BIMOG,R_desc,2,0.021387821,0.32214698,235
BIMOG,R_desc,3,0.021345323,0.31524068,300
BIMOG,R_desc,4,0.020167384,0.3060723,209
BIMOG,R_emb,0,0.010938312,0.15174332,221
BIMOG,R_emb,1,0.010717782,0.1548754,196
BIMOG,R_emb,2,0.010012351,0.13982,191
BIMOG,R_emb,3,0.011590942,0.18689445,225
BIMOG,R_emb,4,0.009931893,0.116078556,167
