pool,seed,gen_w,gen_org,epochs,gen_org_cho,gen_org_n_only,gen_org_hal_only,gen_org_n_and_hal
A: CHO only,0,0.023862407,0.36331382,206,0.19564204,0.7173879,0.36354658,0.4592191
A: CHO only,1,0.022123607,0.32987246,219,0.17266746,0.69106424,0.26672825,0.38329107
A: CHO only,2,0.022286173,0.32497707,248,0.16191263,0.6669531,0.34860122,0.41207552
A: CHO only,3,0.025062583,0.36738864,171,0.19241987,0.7066367,0.45948836,0.4920881
A: CHO only,4,0.023477657,0.3655907,235,0.17275839,0.7106574,0.6602825,0.47366703
B: full BIMOG,0,0.010938312,0.15174332,221,0.13410574,0.19186878,0.18617655,0.13790716
B: full BIMOG,1,0.010717782,0.1548754,196,0.16037409,0.11849,0.19910775,0.1874156
B: full BIMOG,2,0.010012351,0.13982,191,0.12675193,0.1498858,0.16792378,0.17415552
B: full BIMOG,3,0.011590942,0.18689445,225,0.15647314,0.24208207,0.35054424,0.14361559
B: full BIMOG,4,0.009931893,0.116078556,167,0.10556722,0.12936573,0.096933775,0.15245989
C: B + synthetic N,0,0.009992238,0.11539785,148,0.10135843,0.12807868,0.12878019,0.1563349
C: B + synthetic N,1,0.011308721,0.14508015,174,0.13786606,0.15504614,0.11872743,0.17468001
C: B + synthetic N,2,0.009374131,0.13633898,244,0.123023756,0.15938021,0.17882799,0.13456535
C: B + synthetic N,3,0.010573892,0.14277017,190,0.12402956,0.18727864,0.123089604,0.15183061
C: B + synthetic N,4,0.009857919,0.12799506,220,0.10760597,0.14426427,0.120525345,0.20590839
